"","sample","ST_ID","Date_extracted","Batch","Volume_mL","Notes","PCR_name","Cst_Cnt","Cruise_ID","Cruise","Cruz_Sta","DbSta_ID","Cast_ID","Sta_ID","Quarter","Sta_Code","Distance","Date","Julian_Date","Julian_Day","Time.x","Lat_Dec","Lat_Deg","Lat_Min","Lat_Hem","Lon_Dec","Lon_Deg","Lon_Min","Lon_Hem","Rpt_Line","Ac_Line","Rpt_Sta","Ac_Sta","Bottom_D","Secchi","ForelU","Ship_Name","Ship_Code","Data_Type","Order_Occ","Event_Num","Cruz_Leg","Orig_Sta_ID","Data_Or","Cruz_Num","IntChl","IntC14","Inc_Str","Inc_End","PST_LAN","Civil_T","TimeZone","Wave_Dir","Wave_Ht","Wave_Prd","Wind_Dir","Wind_Spd","Barometer","Dry_T","Wet_T","Wea","Cloud_Typ","Cloud_Amt","Visibility","mean_100_T","mean_100_Salinity","mean_100_O2","mean_100_O2_sat","mean_100_silicate","mean_100_PO4","mean_100_NO3","mean_100_NO2","mean_100_NH3","mean_100_CHLa","mean_100_Phaeo","mean_100_DIC1","mean_100_TA1","mean_100_LightP","mean_100_pH1","Month","round_Lat","round_Lon","Year","mean_sst","stdev_sst","n.x","satellite_date.x","Time.y","lon_min.x","lon_max.x","lat_min.x","lat_max.x","median_sst","mad_sst","lon.x","lat.x","two_month_sst","y.x","annual_sst","mean_chla","stdev_chla","n.y","satellite_date.y","Time","lon_min.y","lon_max.y","lat_min.y","lat_max.y","median_chla","mad_chla","lon.y","lat.y","two_month_chla","y.y","annual_chla"
"1","X2000_4_80_60","0004_80_60","2019-06-26",4,125,"low_normal","Miu_1_a_13",29458,"2000-04-07-C-31JD",200004,2.00004e+13,8000600,"20-0004JD-MX-110-2121-08000600","080.0 060.0",2,"ST",-38.75,"4/19/00",36635,110,"12/30/1899 21:21:00",34.148333,34,8.9,"N",-121.156666,-121,9.4,"W",80,80,60,60.1,2220,14,NA,"RV DAVID STARR JORDAN","31JD","MX",54,532,NA,"80   60",3101,4,92.3,NA,"","","","",NA,32,3,8,32,12,1022.1,15.8,13.8,1,0,1,8,11.7609090909091,33.6361818181818,4.62090909090909,76.1818181818182,14.6272727272727,1.17727272727273,12.7272727272727,0.161818181818182,NA,0.898181818181818,0.576363636363636,NA,NA,NA,NA,4,34.2,-121.1,2000,12.5856666666667,0.284455721459886,30,"2000-04-16T00:00:00Z","16T00:00:00Z",-121.248333,-121.048333,34.051666,34.251666,12.645,0.311346000000001,-121.148333,34.151666,12.8013333333333,"y",14.2756102693603,0.651430275042852,0.108028553614191,30,"2000-04-01T00:00:00Z","01T00:00:00Z",-121.248333,-121.048333,34.051666,34.251666,0.662421673536301,0.135111176615953,-121.148333,34.151666,0.712794688344002,"y",0.615785958452357
"2","X2000_4_86.7_50","0004_86.7_50","2019-06-26",4,125,"low_normal","Miu_1_a_14",29437,"2000-04-07-C-31JD",200004,2.00004e+13,8670500,"20-0004JD-MX-106-0223-08670500","086.7 050.0",2,"ST",-71.17,"4/15/00",36631,106,"12/30/1899 02:23:00",33.323333,33,19.4,"N",-119.666666,-119,40,"W",86.7,86.7,50,50,84,NA,NA,"RV DAVID STARR JORDAN","31JD","MX",33,322,NA,"87   50",3101,4,67.8,NA,"","","","",NA,29,2,9,28,14,1014.9,14.5,12.3,1,6,3,7,10.7257142857143,33.7708571428571,3.94142857142857,63.2285714285714,19.5142857142857,1.53142857142857,18.1857142857143,0.19,NA,0.854285714285714,0.69,NA,NA,NA,NA,4,33.3,-119.7,2000,13.7636111111111,0.26139354869925,36,"2000-04-16T00:00:00Z","16T00:00:00Z",-119.761666,-119.561666,33.225,33.425,13.775,0.274281000000001,-119.661666,33.325,13.3832761437908,"y",14.4750441932647,0.569950453109211,0.095125608942866,36,"2000-04-01T00:00:00Z","01T00:00:00Z",-119.761666,-119.561666,33.225,33.425,0.598871290683746,0.0926894528031349,-119.661666,33.325,0.612306316279703,"y",0.620880858972669
"3","X2000_4_93.3_30","0004_93.3_30","2019-06-26",4,125,"low_normal","Miu_1_a_15",29407,"2000-04-07-C-31JD",200004,2.00004e+13,9330300,"20-0004JD-MX-099-0341-09330300","093.3 030.0",2,"ST",-15.11,"4/8/00",36624,99,"12/30/1899 03:41:00",32.846666,32,50.8,"N",-117.538333,-117,32.3,"W",93.3,93.3,30,30.1,859,NA,NA,"RV DAVID STARR JORDAN","31JD","MX",3,22,NA,"93   30",3101,4,29.8,NA,"","","","",NA,NA,NA,NA,30,9,1018.7,15.4,13.5,NA,NA,NA,NA,12.54,33.6359,4.71,78.82,11.64,1.008,10.71,0.154,NA,0.313,0.165,NA,NA,NA,NA,4,32.8,-117.5,2000,16.6069444444444,0.198736285340929,36,"2000-04-16T00:00:00Z","16T00:00:00Z",-117.626666,-117.426666,32.748333,32.948333,16.565,0.103782,-117.526666,32.848333,15.9281944444444,"y",17.3050518416768,0.230655375868082,0.0362608070528817,36,"2000-04-01T00:00:00Z","01T00:00:00Z",-117.626666,-117.426666,32.748333,32.948333,0.220411144196987,0.030872182559967,-117.526666,32.848333,0.251952595801817,"y",0.305155023415056
"4","X2000_4_93.3_60","0004_93.3_60","2019-06-26",4,125,"low_normal","Miu_1_a_16",29413,"2000-04-07-C-31JD",200004,2.00004e+13,9330600,"20-0004JD-MX-100-0612-09330600","093.3 060.0",2,"ST",-134.08,"4/9/00",36625,100,"12/30/1899 06:12:00",31.85,31,51,"N",-119.568333,-119,34.1,"W",93.3,93.3,60,59.9,1870,NA,NA,"RV DAVID STARR JORDAN","31JD","MX",9,82,NA,"93   60",3101,4,39.2,NA,"","","","",NA,NA,NA,NA,32,16,1019,14.1,12.4,NA,NA,NA,NA,14.1372727272727,33.4030909090909,5.88,100.663636363636,2.87272727272727,0.409090909090909,1.23636363636364,0.0272727272727273,NA,0.340909090909091,0.146363636363636,NA,NA,NA,NA,4,31.8,-119.6,2000,15.5597222222222,0.123090816905037,36,"2000-04-16T00:00:00Z","16T00:00:00Z",-119.671666,-119.471666,31.748333,31.948333,15.615,0.103781999999996,-119.571666,31.848333,15.0301388888889,"y",15.9871527777778,0.28059399045176,0.0121254027555115,36,"2000-04-01T00:00:00Z","01T00:00:00Z",-119.671666,-119.471666,31.748333,31.948333,0.281448557972908,0.0101037221968174,-119.571666,31.848333,0.275555422736539,"y",0.260697094119947
"5","X2001_4_80_60","0104_80_60","2019-06-26",5,75,"full","Miu_1_a_17",29722,"2001-04-05-C-31JD",200104,2.00104e+13,8000600,"20-0104JD-MX-110-0933-08000600","080.0 060.0",2,"ST",-39.06,"4/20/01",37000,110,"12/30/1899 09:33:00",34.145,34,8.7,"N",-121.161666,-121,9.7,"W",80,80,60,60.2,2265,NA,NA,"RV DAVID STARR JORDAN","31JD","MX",54,532,NA,"80   60",3101,104,76.3,NA,"","","","",NA,NA,NA,NA,30,10,1016.8,12.9,11.8,NA,NA,NA,NA,11.4983333333333,33.35275,5.65666666666667,91.825,7.86666666666667,0.793333333333333,7.1,0.1,NA,0.706666666666667,0.261666666666667,NA,NA,NA,NA,4,34.2,-121.1,2001,12.2923333333333,0.131874635697051,30,"2001-04-16T00:00:00Z","16T00:00:00Z",-121.248333,-121.048333,34.051666,34.251666,12.335,0.118608,-121.148333,34.151666,12.4838333333333,"y",14.2920153256705,0.970887704690297,0.138119149853125,30,"2001-04-01T00:00:00Z","01T00:00:00Z",-121.248333,-121.048333,34.051666,34.251666,0.982656031847,0.133267914175987,-121.148333,34.151666,0.760484863320986,"y",0.652566880153285
"6","X2001_4_86.7_50","0104_86.7_50","2019-06-26",5,125,"normal","Miu_1_a_18",29701,"2001-04-05-C-31JD",200104,2.00104e+13,8670500,"20-0104JD-MX-104-1240-08670500","086.7 050.0",2,"ST",-70.98,"4/14/01",36994,104,"12/30/1899 12:40:00",33.32,33,19.2,"N",-119.66,-119,39.6,"W",86.7,86.7,50,50,79,NA,NA,"RV DAVID STARR JORDAN","31JD","MX",33,322,NA,"87   50",3101,104,204.2,NA,"","","","",NA,NA,NA,NA,31,25,1016.3,12.1,10.4,NA,NA,NA,NA,11.2733333333333,33.6753333333333,5.03222222222222,81.4888888888889,12.9,1.09888888888889,11.5222222222222,0.133333333333333,NA,3.08666666666667,0.973333333333333,NA,NA,NA,NA,4,33.3,-119.7,2001,12.5035483870968,0.127267392710434,31,"2001-04-16T00:00:00Z","16T00:00:00Z",-119.761666,-119.561666,33.225,33.425,12.52,0.0889559999999981,-119.661666,33.325,12.9848387096774,"y",15.1706983478055,1.29931367602613,0.137439141280847,36,"2001-04-01T00:00:00Z","01T00:00:00Z",-119.761666,-119.561666,33.225,33.425,1.3028627038002,0.105661881136894,-119.661666,33.325,0.917131672716803,"y",0.740547796297405
"7","X2001_4_93.3_30","0104_93.3_30","2019-06-26",4,125,"low_normal","Miu_1_a_19",29671,"2001-04-05-C-31JD",200104,2.00104e+13,9330300,"20-0104JD-MX-097-0136-09330300","093.3 030.0",2,"ST",-14.85,"4/7/01",36987,97,"12/30/1899 01:36:00",32.845,32,50.7,"N",-117.531666,-117,31.9,"W",93.3,93.3,30,30,859,NA,NA,"RV DAVID STARR JORDAN","31JD","MX",3,22,NA,"93   30",3101,104,29.1,NA,"","","","",NA,25,3,7,25,7,1017.8,13.9,10.8,1,6,6,7,12.2330769230769,33.6070769230769,4.68692307692308,77.8384615384615,11.8230769230769,0.989230769230769,10.4846153846154,0.0515384615384615,NA,0.318461538461538,0.177692307692308,NA,NA,NA,NA,4,32.8,-117.5,2001,15.8086111111111,0.177476803760424,36,"2001-04-16T00:00:00Z","16T00:00:00Z",-117.626666,-117.426666,32.748333,32.948333,15.815,0.207564,-117.526666,32.848333,15.5154166666667,"y",17.7791395502645,0.244194250967768,0.0841617937671378,36,"2001-04-01T00:00:00Z","01T00:00:00Z",-117.626666,-117.426666,32.748333,32.948333,0.215673126280308,0.0379226050570607,-117.526666,32.848333,0.240024598108398,"y",0.254921758271478
"8","X2001_4_93.3_60","0104_93.3_60","2019-06-26",4,125,"low_normal","Miu_1_a_20",29677,"2001-04-05-C-31JD",200104,2.00104e+13,9330600,"20-0104JD-MX-098-0345-09330600","093.3 060.0",2,"ST",-133.93,"4/8/01",36988,98,"12/30/1899 03:45:00",31.855,31,51.3,"N",-119.568333,-119,34.1,"W",93.3,93.3,60,59.9,2011,NA,NA,"RV DAVID STARR JORDAN","31JD","MX",9,82,NA,"93   60",3101,104,26.1,NA,"","","","",NA,NA,NA,NA,32,15,1018.8,12,9.5,NA,NA,NA,NA,13.1575,33.3413333333333,5.81333333333333,97.5,4.775,0.474166666666667,2.21666666666667,0.0733333333333333,NA,0.240833333333333,0.0883333333333333,NA,NA,NA,NA,4,31.8,-119.6,2001,14.6197222222222,0.225356683771826,36,"2001-04-16T00:00:00Z","16T00:00:00Z",-119.671666,-119.471666,31.748333,31.948333,14.64,0.296519999999999,-119.571666,31.848333,14.5541666666667,"y",16.2539942185008,0.159486776424779,0.00887341450793812,36,"2001-04-01T00:00:00Z","01T00:00:00Z",-119.671666,-119.471666,31.748333,31.948333,0.159897655248642,0.0103764204964042,-119.571666,31.848333,0.182017615064979,"y",0.224118840139083
"9","X2002_4_80_60","0204_80_60","2019-06-26",5,75,"full","Miu_1_a_21",29986,"2002-03-28-C-31JD",200204,2.00204e+13,8000600,"20-0204JD-MX-099-0949-08000600","080.0 060.0",2,"ST",-38.73,"4/9/02",37355,99,"12/30/1899 09:49:00",34.146666,34,8.8,"N",-121.155,-121,9.3,"W",80,80,60,60.1,2210,NA,NA,"RV DAVID STARR JORDAN","31JD","MX",54,532,NA,"80   60",3101,204,58.5,NA,"","","","",NA,NA,NA,NA,33,4,1020.1,13.4,11.8,NA,NA,NA,NA,11.167,33.5881,4.784,77.41,13.39,1.195,12.88,0.154,NA,0.39,0.244,NA,NA,NA,NA,4,34.2,-121.1,2002,13.0036666666667,0.516022475675526,30,"2002-04-16T00:00:00Z","16T00:00:00Z",-121.248333,-121.048333,34.051666,34.251666,12.9,0.355824,-121.148333,34.151666,13.0076666666667,"y",14.3246721401204,0.749748283624649,0.0911404622139059,30,"2002-04-01T00:00:00Z","01T00:00:00Z",-121.248333,-121.048333,34.051666,34.251666,0.728660941123962,0.0870893672704697,-121.148333,34.151666,0.623369941612085,"y",0.658230677539976
"10","X2002_4_86.7_50","0204_86.7_50","2019-06-26",5,125,"full","Miu_1_a_22",29965,"2002-03-28-C-31JD",200204,2.00204e+13,8670500,"20-0204JD-MX-094-1238-08670500","086.7 050.0",2,"ST",-70.74,"4/4/02",37350,94,"12/30/1899 12:38:00",33.323333,33,19.4,"N",-119.656666,-119,39.4,"W",86.7,86.7,50,49.9,77,NA,NA,"RV DAVID STARR JORDAN","31JD","MX",33,322,NA,"87   50",3101,204,40,NA,"","","","",NA,NA,NA,NA,0,0,1017.4,13.2,10.9,NA,NA,NA,NA,11.78875,33.55025,5.3475,87.3,8.4,0.94625,8.2375,0.1925,NA,0.53875,0.5675,NA,NA,NA,NA,4,33.3,-119.7,2002,13.3716666666667,0.384941404706575,30,"2002-04-16T00:00:00Z","16T00:00:00Z",-119.761666,-119.561666,33.225,33.425,13.47,0.326172,-119.661666,33.325,13.6706904761905,"y",14.903761707989,1.37461251020432,0.192692513066844,36,"2002-04-01T00:00:00Z","01T00:00:00Z",-119.761666,-119.561666,33.225,33.425,1.39689415693283,0.191878596174717,-119.661666,33.325,1.16721759157048,"y",0.737718314277353
"11","X2002_3_93.3_30","0204_93.3_30","2019-06-26",5,125,"full","Miu_1_a_23",29935,"2002-03-28-C-31JD",200204,2.00204e+13,9330300,"20-0204JD-MX-088-0059-09330300","093.3 030.0",1,"ST",-14.76,"3/29/02",37344,88,"12/30/1899 00:59:00",32.848333,32,50.9,"N",-117.531666,-117,31.9,"W",93.3,93.3,30,30,846,NA,NA,"RV DAVID STARR JORDAN","31JD","MX",3,22,NA,"93   30",3101,204,72.7,NA,"","","","",NA,0,0,NA,24,4,1014.1,14.5,11.5,1,6,7,8,11.98,33.5907777777778,4.70777777777778,77.5777777777778,10.1111111111111,1.01333333333333,10.2555555555556,0.0677777777777778,NA,0.704444444444444,0.388888888888889,NA,NA,NA,NA,4,32.8,-117.5,2002,16.0386111111111,0.102487707354249,36,"2002-04-16T00:00:00Z","16T00:00:00Z",-117.626666,-117.426666,32.748333,32.948333,16.03,0.0963690000000006,-117.526666,32.848333,15.49625,"y",17.5994212962963,0.406840686168936,0.0899294592795725,36,"2002-04-01T00:00:00Z","01T00:00:00Z",-117.626666,-117.426666,32.748333,32.948333,0.399150207638741,0.0745438315719366,-117.526666,32.848333,0.435881337771813,"y",0.309077445452136
"12","X2002_3_93.3_60","0204_93.3_60","2019-06-26",5,125,"full","Miu_1_a_24",29941,"2002-03-28-C-31JD",200204,2.00204e+13,9330600,"20-0204JD-MX-089-0347-09330600","093.3 060.0",1,"ST",-134.33,"3/30/02",37345,89,"12/30/1899 03:47:00",31.846666,31,50.8,"N",-119.571666,-119,34.3,"W",93.3,93.3,60,60,1875,NA,NA,"RV DAVID STARR JORDAN","31JD","MX",9,82,NA,"93   60",3101,204,44.9,NA,"","","","",NA,NA,NA,NA,29,12,1019.3,13,11.5,NA,NA,NA,NA,13.176,33.537,5.925,99.46,4.38,0.595,3.12,0.115,NA,0.435,0.166,NA,NA,NA,NA,4,31.8,-119.6,2002,13.7813636363636,0.324261732240594,22,"2002-04-16T00:00:00Z","16T00:00:00Z",-119.671666,-119.471666,31.748333,31.948333,13.775,0.274281000000001,-119.571666,31.848333,14.300404040404,"y",16.0138724747475,0.400016413794623,0.0188294181519243,36,"2002-04-01T00:00:00Z","01T00:00:00Z",-119.671666,-119.471666,31.748333,31.948333,0.399118587374687,0.0208347156554461,-119.571666,31.848333,0.322319394184483,"y",0.229528525671749
"13","X2003_4_80_60","0304_80_60","2019-06-26",6,125,"normal","Miu_1_a_25",30259,"2003-04-03-C-33RR",200304,2.00304e+13,8000600,"20-0304RR-PR-106-1756-08000600","080.0 060.0",2,"ST",-37.4,"4/16/03",37727,106,"12/30/1899 17:56:00",34.155,34,9.3,"N",-121.13,-121,7.8,"W",80,80,60,59.7,2086,6,NA,"RV ROGER REVELLE","33RR","PR",55,542,NA,"80   60",3101,304,297,844.3,"12/30/1899 12:03:00","12/30/1899 19:02:00","12/30/1899 12:05:00","12/30/1899 19:03:00",8,9,3,7,13,7,1017,13.3,12.3,1,8,2,8,10.9206666666667,33.4998666666667,5.00266666666667,80.4666666666667,14.1733333333333,1.33066666666667,14.1533333333333,0.243333333333333,NA,3.786,1.176,NA,NA,0.036,NA,4,34.2,-121.1,2003,12.74,0.13587519628511,30,"2003-04-16T00:00:00Z","16T00:00:00Z",-121.248333,-121.048333,34.051666,34.251666,12.72,0.0815430000000009,-121.148333,34.151666,13.0285,"y",14.7767379349046,1.44978788296382,0.246628047070682,30,"2003-04-01T00:00:00Z","01T00:00:00Z",-121.248333,-121.048333,34.051666,34.251666,1.41697078943253,0.350831648039818,-121.148333,34.151666,1.06234610577424,"y",0.849700522340006
"14","X2003_4_86.7_50","0304_86.7_50","2019-06-26",6,125,"normal","Miu_1_a_26",30238,"2003-04-03-C-33RR",200304,2.00304e+13,8670500,"20-0304RR-MX-101-1500-08670500","086.7 050.0",2,"ST",-71.03,"4/11/03",37722,101,"12/30/1899 15:00:00",33.323333,33,19.4,"N",-119.663333,-119,39.8,"W",86.7,86.7,50,50,85,5,NA,"RV ROGER REVELLE","33RR","MX",34,332,NA,"87   50",3101,304,185.6,NA,"","","","",NA,33,2,5,32,10,1016.9,12.7,12.1,1,7,5,8,11.0290909090909,33.4710909090909,4.85818181818182,78.1454545454545,13.3363636363636,1.31909090909091,14.4272727272727,0.240909090909091,NA,2.17090909090909,0.931818181818182,NA,NA,NA,NA,4,33.3,-119.7,2003,12.620625,0.119702251575558,32,"2003-04-16T00:00:00Z","16T00:00:00Z",-119.761666,-119.561666,33.225,33.425,12.61,0.133434000000001,-119.661666,33.325,12.9864236111111,"y",14.9261377687839,1.02077310449547,0.105714993202191,36,"2003-04-01T00:00:00Z","01T00:00:00Z",-119.761666,-119.561666,33.225,33.425,1.01416873931885,0.0631431714177132,-119.661666,33.325,0.874164280792077,"y",0.757943774676985
"15","X2003_4_93.3_30","0304_93.3_30","2019-06-26",6,125,"normal","Miu_1_a_27",30312,"2003-04-03-C-33RR",200304,2.00304e+13,9330300,"20-0304RR-MX-095-2021-09330300","093.3 030.0",2,"ST",-14.8,"4/24/03",37735,114,"12/30/1899 20:21:00",32.846666,32,50.8,"N",-117.531666,-117,31.9,"W",93.3,93.3,30,30,856,NA,NA,"RV ROGER REVELLE","33RR","MX",308,3072,NA,"93   30",3101,304,60,NA,"","","","",NA,32,3,6,30,11,1015.9,16.5,12.2,1,8,1,8,11.513,33.532,4.15,67.77,14.04,1.336,14.37,0.242,NA,0.641,0.47,NA,NA,NA,NA,4,32.8,-117.5,2003,15.4005555555556,0.148784493132938,36,"2003-04-16T00:00:00Z","16T00:00:00Z",-117.626666,-117.426666,32.748333,32.948333,15.43,0.103782,-117.526666,32.848333,15.4068055555556,"y",17.6044212962963,0.452764659292168,0.161679486444067,36,"2003-04-01T00:00:00Z","01T00:00:00Z",-117.626666,-117.426666,32.748333,32.948333,0.362535506486893,0.0472415477871895,-117.526666,32.848333,0.418532121305664,"y",0.308964597647665
"16","X2003_4_93.3_60","0304_93.3_60","2019-06-26",6,125,"normal","Miu_1_a_28",30301,"2003-04-03-C-33RR",200304,2.00304e+13,9330600,"20-0304RR-MX-113-1702-09330600","093.3 060.0",2,"ST",-134.33,"4/23/03",37734,113,"12/30/1899 17:02:00",31.846666,31,50.8,"N",-119.571666,-119,34.3,"W",93.3,93.3,60,60,1879,NA,NA,"RV ROGER REVELLE","33RR","MX",297,2962,NA,"93   60",3101,304,53.8,NA,"","","","",NA,32,5,6,32,11,1017.4,14.9,12.1,1,6,6,8,12.2116666666667,33.3518333333333,5.035,83.2666666666667,9.21666666666667,1.03666666666667,9.95833333333333,0.15,NA,0.508333333333333,0.273333333333333,NA,NA,NA,NA,4,31.8,-119.6,2003,14.6975,0.111056613619232,36,"2003-04-16T00:00:00Z","16T00:00:00Z",-119.671666,-119.471666,31.748333,31.948333,14.69,0.133434,-119.571666,31.848333,14.7959722222222,"y",16.4817165242165,0.33498613950279,0.0218168588127555,36,"2003-04-01T00:00:00Z","01T00:00:00Z",-119.671666,-119.471666,31.748333,31.948333,0.342558622360229,0.0234226045131683,-119.571666,31.848333,0.280141427906023,"y",0.236310383753368
"17","X2004_4_80_60","0404_80_60","2019-06-27",7,125,"low_normal","Miu_1_a_29",30558,"2004-03-23-C-32NM",200404,2.00404e+13,8000600,"20-0404NM-MX-095-1205-08000600","080.0 060.0",2,"ST",-38.46,"4/4/04",38081,95,"12/30/1899 12:05:00",34.153333,34,9.2,"N",-121.153333,-121,9.2,"W",80,80,60,60,2207,NA,NA,"RV NEW HORIZON","32NM","MX",50,492,NA,"80   60",3101,404,505.5,NA,"","","","",NA,NA,NA,NA,33,11,1015,13,12,NA,NA,NA,NA,11.021,33.4987,4.751,76.41,14.04,1.311,15.4,0.19,NA,4.946,1.119,NA,NA,NA,NA,4,34.2,-121.1,2004,13.2516666666667,0.278085614866002,30,"2004-04-16T00:00:00Z","16T00:00:00Z",-121.248333,-121.048333,34.051666,34.251666,13.305,0.303933,-121.148333,34.151666,13.1631666666667,"y",14.5139201940035,1.16009567975998,0.17024271563837,30,"2004-04-01T00:00:00Z","01T00:00:00Z",-121.248333,-121.048333,34.051666,34.251666,1.15391170978546,0.154115509736538,-121.148333,34.151666,1.1140717903773,"y",0.912641617655754
"18","X2004_3_86.7_50","0404_86.7_50","2019-06-27",7,125,"low_normal","Miu_1_a_30",30541,"2004-03-23-C-32NM",200404,2.00404e+13,8670500,"20-0404NM-MX-090-1509-08670500","086.7 050.0",1,"ST",-70.95,"3/30/04",38076,90,"12/30/1899 15:09:00",33.323333,33,19.4,"N",-119.661666,-119,39.7,"W",86.7,86.7,50,50,81,10,NA,"RV NEW HORIZON","32NM","MX",33,322,NA,"87   50",3101,404,51.1,NA,"","","","",NA,31,5,5,31,17,1013.7,14,13.1,1,4,6,7,10.91375,33.466375,4.29375,69.2,15.125,1.25,15.075,0.09125,NA,0.54875,0.34625,NA,NA,NA,NA,4,33.3,-119.7,2004,13.733125,0.379910324732969,32,"2004-04-16T00:00:00Z","16T00:00:00Z",-119.761666,-119.561666,33.225,33.425,13.82,0.244629,-119.661666,33.325,13.6067410714286,"y",14.8548545184302,1.38107870022456,0.124294176553532,36,"2004-04-01T00:00:00Z","01T00:00:00Z",-119.761666,-119.561666,33.225,33.425,1.38411498069763,0.122690043568611,-119.661666,33.325,1.08356106198496,"y",0.9319800219878
"19","X2004_3_93.3_30","0404_93.3_30","2019-06-26",6,125,"low","Miu_1_a_31",30511,"2004-03-23-C-32NM",200404,2.00404e+13,9330300,"20-0404NM-MX-084-0148-09330300","093.3 030.0",1,"ST",-14.8,"3/24/04",38070,84,"12/30/1899 01:48:00",32.846666,32,50.8,"N",-117.531666,-117,31.9,"W",93.3,93.3,30,30,854,NA,NA,"RV NEW HORIZON","32NM","MX",3,22,NA,"93   30",3101,404,47.1,NA,"","","","",NA,28,3,6,28,5,1013.3,15.9,14.2,2,6,8,6,11.7944444444444,33.4328888888889,4.29555555555556,70.6777777777778,12.2111111111111,1.14888888888889,12.8,0.0966666666666667,NA,0.484444444444444,0.298888888888889,NA,NA,NA,NA,4,32.8,-117.5,2004,17.0516666666667,0.280188711917012,36,"2004-04-16T00:00:00Z","16T00:00:00Z",-117.626666,-117.426666,32.748333,32.948333,17.06,0.289107000000003,-117.526666,32.848333,16.4240277777778,"y",17.9911593204775,0.340900285376443,0.0631921413351665,36,"2004-04-01T00:00:00Z","01T00:00:00Z",-117.626666,-117.426666,32.748333,32.948333,0.32456286251545,0.0369617928564548,-117.526666,32.848333,0.332672807491488,"y",0.579413863105906
"20","X2004_3_93.3_60","0404_93.3_60","2019-06-26",6,125,"low_normal","Miu_1_a_32",30517,"2004-03-23-C-32NM",200404,2.00404e+13,9330600,"20-0404NM-MX-085-0221-09330600","093.3 060.0",1,"ST",-134.47,"3/25/04",38071,85,"12/30/1899 02:21:00",31.846666,31,50.8,"N",-119.575,-119,34.5,"W",93.3,93.3,60,60,1902,NA,NA,"RV NEW HORIZON","32NM","MX",9,82,NA,"93   60",3101,404,36.1,NA,"","","","",NA,32,8,8,32,18,1016.8,14.9,13.8,1,2,4,6,12.665,33.113,5.4475,90.5666666666667,5.60833333333333,0.71,5.825,0.0883333333333333,NA,0.396666666666667,0.256666666666667,NA,NA,NA,NA,4,31.8,-119.6,2004,14.5572222222222,0.349935594981306,36,"2004-04-16T00:00:00Z","16T00:00:00Z",-119.671666,-119.471666,31.748333,31.948333,14.485,0.407715,-119.571666,31.848333,14.4175,"y",16.6826767676768,0.281780754940377,0.0263492299752455,36,"2004-04-01T00:00:00Z","01T00:00:00Z",-119.671666,-119.471666,31.748333,31.948333,0.292043656110764,0.0232759547531605,-119.571666,31.848333,0.286932171011964,"y",0.272263131138903
"21","X2005_4_80_60","0504_80_60","2019-06-27",7,125,"low_normal","Miu_1_a_33",30809,"2005-04-15-C-32NM",200504,2.00504e+13,8000600,"20-0504NM-PR-117-1841-08000600","080.0 060.0",2,"ST",-38.743,"4/27/05",38469,117,"12/30/1899 18:41:00",34.146667,34,8.8,"N",-121.15,-121,9,"W",80,80,60,60,2180,11,NA,"RV NEW HORIZON","32NM","PR",62,612,NA,"80.0 60.0",3101,504,119,455.9,"12/30/1899 12:05:00","12/30/1899 19:15:00","12/30/1899 12:02:00","12/30/1899 19:16:00",8,19,3,8,20,18,1015.1,14,13,6,6,8,5,11.7553333333333,33.3392666666667,5.41933333333333,88.3866666666667,8.57333333333333,0.982,8.35333333333333,0.124666666666667,NA,1.186,1.08133333333333,NA,NA,0.0714285714285714,NA,4,34.2,-121.1,2005,13.289,0.552738324320301,30,"2005-04-16T00:00:00Z","16T00:00:00Z",-121.248333,-121.048333,34.051666,34.251666,13.09,0.252042,-121.148333,34.151666,13.8536666666667,"y",14.8733632478632,1.29364041288694,0.118640378845332,30,"2005-04-01T00:00:00Z","01T00:00:00Z",-121.248333,-121.048333,34.051666,34.251666,1.32204002141953,0.0837681633353233,-121.148333,34.151666,0.814465336004893,"y",0.900005239165492
"22","X2005_4_86.7_50","0504_86.7_50","2019-06-27",7,125,"low","Miu_1_a_34",30833,"2005-04-15-C-32NM",200504,2.00504e+13,8670500,"20-0504NM-MX-116-1245-08670500","086.7 050.0",2,"ST",-71.279,"4/26/05",38468,116,"12/30/1899 12:45:00",33.321667,33,19.3,"N",-119.665,-119,39.9,"W",86.7,86.7,50,50,84,NA,NA,"RV NEW HORIZON","32NM","MX",53,522,NA,"86.7 50.0",3101,504,102.4,NA,"","","","",NA,NA,NA,NA,31,20,1014.7,13.4,12.1,NA,NA,NA,NA,13.0918181818182,33.1754545454545,5.77454545454545,96.6818181818182,3.43636363636364,0.571818181818182,3.07272727272727,0.0481818181818182,NA,1.39363636363636,0.841818181818182,NA,NA,NA,NA,4,33.3,-119.7,2005,13.3636111111111,0.461439689777101,36,"2005-04-16T00:00:00Z","16T00:00:00Z",-119.761666,-119.561666,33.225,33.425,13.265,0.511497000000001,-119.661666,33.325,14.0162173202614,"y",15.5165129197288,0.981352642178535,0.194577406733509,36,"2005-04-01T00:00:00Z","01T00:00:00Z",-119.761666,-119.561666,33.225,33.425,0.978053122758865,0.228438659709692,-119.661666,33.325,0.685129378404882,"y",0.707212255784759
"23","X2005_4_93.3_30","0504_93.3_30","2019-06-27",7,125,"normal_orange","Miu_1_a_35",30859,"2005-04-15-C-32NM",200504,2.00504e+13,9330300,"20-0504NM-MX-106-0532-09330300","093.3 030.0",2,"ST",-15.569,"4/16/05",38458,106,"12/30/1899 05:32:00",32.843333,32,50.6,"N",-117.54,-117,32.4,"W",93.3,93.3,30,30.1,872,NA,NA,"RV NEW HORIZON","32NM","MX",5,42,NA,"93.3 30.0",3101,504,74.9,NA,"","","","",NA,NA,NA,NA,2,2,1012,15.9,14.5,NA,NA,NA,NA,11.0854545454545,33.5686363636364,3.79090909090909,61.3545454545455,15.2818181818182,1.46818181818182,16.5,0.0754545454545455,NA,0.63,0.268181818181818,NA,NA,NA,NA,4,32.8,-117.5,2005,16.8865714285714,0.685964082652347,35,"2005-04-16T00:00:00Z","16T00:00:00Z",-117.626666,-117.426666,32.748333,32.948333,16.91,0.711648000000001,-117.526666,32.848333,16.5174285714286,"y",18.3747983617689,0.571995414793491,0.20782774147434,36,"2005-04-01T00:00:00Z","01T00:00:00Z",-117.626666,-117.426666,32.748333,32.948333,0.518077969551086,0.19823070909977,-117.526666,32.848333,0.477373977916108,"y",0.351945859690507
"24","X2005_4_93.3_60","0504_93.3_60","2019-06-27",7,125,"low_normal","Miu_1_a_36",30865,"2005-04-15-C-32NM",200504,2.00504e+13,9330600,"20-0504NM-MX-107-0606-09330600","093.3 060.0",2,"ST",-134.974,"4/17/05",38459,107,"12/30/1899 06:06:00",31.848333,31,50.9,"N",-119.58,-119,34.8,"W",93.3,93.3,60,60.1,1857,NA,NA,"RV NEW HORIZON","32NM","MX",11,102,NA,"93.3 60.0",3101,504,45.3,NA,"","","","",NA,NA,NA,NA,32,13,1015.3,14.5,12.9,NA,NA,NA,NA,14.3090909090909,33.1559090909091,5.59818181818182,96.1454545454545,3.46363636363636,0.511818181818182,2.40909090909091,0.03,NA,0.37,0.1,NA,NA,NA,NA,4,31.8,-119.6,2005,15.5633333333333,0.33940283692728,36,"2005-04-16T00:00:00Z","16T00:00:00Z",-119.671666,-119.471666,31.748333,31.948333,15.665,0.133434,-119.571666,31.848333,15.7220833333333,"y",16.6068770053476,0.157742239534855,0.0279997390630119,36,"2005-04-01T00:00:00Z","01T00:00:00Z",-119.671666,-119.471666,31.748333,31.948333,0.145936951041222,0.0191432173803449,-119.571666,31.848333,0.147610284801986,"y",0.263313161411259
"25","X2006_4_80_60","0604_80_60","2019-06-27",8,125,"low_normal_orange","Miu_1_a_37",31153,"2006-04-01-C-32NM",200604,2.00604e+13,8000600,"20-0604NM-MX-104-0824-08000600","080.0 060.0",2,"ST",-38.48,"4/14/06",38821,104,"12/30/1899 08:24:00",34.155,34,9.3,"N",-121.155,-121,9.3,"W",80,80,60,60,2225,NA,NA,"RV NEW HORIZON","32NM","MX",62,612,NA,"80.0 60.0",3101,604,58.1,NA,"","","","",NA,NA,NA,NA,24,5,1010.3,13.5,12.9,NA,NA,NA,NA,12.6636363636364,33.3560909090909,5.39545454545455,89.9363636363636,7.72727272727273,0.750909090909091,6.70909090909091,0.147272727272727,NA,0.647272727272727,0.149090909090909,NA,NA,NA,NA,4,34.2,-121.1,2006,13.3793333333333,0.219276763134115,30,"2006-04-16T00:00:00Z","16T00:00:00Z",-121.248333,-121.048333,34.051666,34.251666,13.4,0.237216,-121.148333,34.151666,13.04,"y",14.3648106060606,0.645296074946721,0.0894554405001448,30,"2006-04-01T00:00:00Z","01T00:00:00Z",-121.248333,-121.048333,34.051666,34.251666,0.650178730487823,0.110992880487442,-121.148333,34.151666,0.710914273063342,"y",0.756784932480918
"26","X2006_4_86.7_50","0604_86.7_50","2019-06-27",8,125,"low_normal","Miu_1_a_38",31129,"2006-04-01-C-32NM",200604,2.00604e+13,8670500,"20-0604NM-MX-099-1226-08670500","086.7 050.0",2,"ST",-70.59,"4/9/06",38816,99,"12/30/1899 12:26:00",33.318333,33,19.1,"N",-119.65,-119,39,"W",86.7,86.7,50,49.9,77,NA,NA,"RV NEW HORIZON","32NM","MX",38,372,NA,"86.7 50.0",3101,604,86.2,NA,"","","","",NA,NA,NA,NA,32,15,1015.6,12.9,11.9,NA,NA,NA,NA,11.76,33.5442222222222,4.82875,78.7875,12.0875,1.08,11.45,0.22125,NA,1.14125,0.3575,NA,NA,NA,NA,4,33.3,-119.7,2006,15.7056,0.705969073921325,25,"2006-04-16T00:00:00Z","16T00:00:00Z",-119.761666,-119.561666,33.225,33.425,15.54,0.889560000000002,-119.661666,33.325,14.1889428571429,"y",15.3169284905707,1.59821920262443,0.122878655390456,36,"2006-04-01T00:00:00Z","01T00:00:00Z",-119.761666,-119.561666,33.225,33.425,1.61885172128677,0.121496962273121,-119.661666,33.325,1.5955827459693,"y",1.00731507916417
"27","X2006_4_93.3_30","0604_93.3_30","2019-06-27",8,125,"low_normal_orange","Miu_1_a_39",31096,"2006-04-01-C-32NM",200604,2.00604e+13,9330300,"20-0604NM-MX-092-0720-09330300","093.3 030.0",2,"ST",-14.88,"4/2/06",38809,92,"12/30/1899 07:20:00",32.846666,32,50.8,"N",-117.533333,-117,32,"W",93.3,93.3,30,30,856,NA,NA,"RV NEW HORIZON","32NM","MX",5,42,NA,"93.3 30.0",3101,604,51.8,NA,"","","","",NA,NA,NA,NA,32,11,1020.1,14,11.8,NA,NA,NA,NA,11.754,33.6215,4.228,69.9,14.16,1.218,13.87,0.042,NA,0.535,0.184,NA,NA,NA,NA,4,32.8,-117.5,2006,16.3661111111111,0.544926090809061,36,"2006-04-16T00:00:00Z","16T00:00:00Z",-117.626666,-117.426666,32.748333,32.948333,16.2,0.222389999999998,-117.526666,32.848333,15.3126388888889,"y",17.9969899140212,0.451102974514167,0.154193987110406,36,"2006-04-01T00:00:00Z","01T00:00:00Z",-117.626666,-117.426666,32.748333,32.948333,0.399836823344231,0.0964117895632982,-117.526666,32.848333,0.687794499513176,"y",0.451013829421114
"28","X2006_4_93.3_60","0604_93.3_60","2019-06-27",8,125,"low_normal_orange","Miu_1_a_40",31102,"2006-04-01-C-32NM",200604,2.00604e+13,9330600,"20-0604NM-MX-093-1106-09330600","093.3 060.0",2,"ST",-134.55,"4/3/06",38810,93,"12/30/1899 11:06:00",31.846666,31,50.8,"N",-119.576666,-119,34.6,"W",93.3,93.3,60,60.1,1904,NA,NA,"RV NEW HORIZON","32NM","MX",11,102,NA,"93.3 60.0",3101,604,31.5,NA,"","","","",NA,NA,NA,NA,18,7,1016.4,15.3,14.5,NA,NA,NA,NA,11.748,33.4758,4.628,76.04,11.66,1.117,12.35,0.073,NA,0.294,0.109,NA,NA,NA,NA,4,31.8,-119.6,2006,16.3961111111111,0.173011606180094,36,"2006-04-16T00:00:00Z","16T00:00:00Z",-119.671666,-119.471666,31.748333,31.948333,16.38,0.103782,-119.571666,31.848333,15.3293055555556,"y",16.5726259920635,0.24313700861401,0.0113718377813936,36,"2006-04-01T00:00:00Z","01T00:00:00Z",-119.671666,-119.471666,31.748333,31.948333,0.242063604295254,0.0076509287416935,-119.571666,31.848333,0.25686119000117,"y",0.30418013608842
"29","X2007_4_80_60","0704_80_60","2019-06-27",8,120,"normal","Miu_1_a_41",31424,"2007-03-27-C-31JD",200704,2.00704e+13,8000600,"20-0704JD-MX-104-0803-08000600","080.0 060.0",2,"ST",-38.46,"4/14/07",39186,104,"12/30/1899 08:03:00",34.148333,34,8.9,"N",-121.15,-121,9,"W",80,80,60,60,2175,NA,NA,"RV DAVID STARR JORDAN","31JD","MX",53,522,NA,"80.0 60.0",3101,704,80.6,NA,"","","","",NA,NA,NA,NA,32,15,1020.2,12.7,11,NA,NA,NA,NA,11.238,33.6563,4.728,76.76,13.51,1.282,14.6,0.19,NA,0.842,0.263,NA,NA,NA,NA,4,34.2,-121.1,2007,12.77,0.344453590287674,30,"2007-04-16T00:00:00Z","16T00:00:00Z",-121.248333,-121.048333,34.051666,34.251666,12.82,0.29652,-121.148333,34.151666,12.8025,"y",15.2668,0.513022285699844,0.0377318875328044,30,"2007-04-01T00:00:00Z","01T00:00:00Z",-121.248333,-121.048333,34.051666,34.251666,0.509752064943314,0.0352661080598831,-121.148333,34.151666,0.55630010565122,"y",0.691132825985551
"30","X2007_4_86.7_50","0704_86.7_50","2019-06-27",9,125,"low_normal","Miu_1_a_43",31440,"2007-03-27-C-31JD",200704,2.00704e+13,8670500,"20-0704JD-MX-098-0436-08670500","086.7 050.0",2,"ST",-70.88,"4/8/07",39180,98,"12/30/1899 04:36:00",33.323333,33,19.4,"N",-119.66,-119,39.6,"W",86.7,86.7,50,50,78,NA,NA,"RV DAVID STARR JORDAN","31JD","MX",37,362,NA,"86.7 50.0",3101,704,34.9,NA,"","","","",NA,NA,NA,NA,31,21,1013.5,14.1,13.5,NA,NA,NA,NA,12.444,33.6286,5.28666666666667,87.5444444444444,10.2666666666667,0.948888888888889,9.01111111111111,0.173333333333333,NA,0.49,0.22,NA,NA,NA,NA,4,33.3,-119.7,2007,13.0042307692308,0.300175589639438,26,"2007-04-16T00:00:00Z","16T00:00:00Z",-119.761666,-119.561666,33.225,33.425,13.015,0.177912,-119.661666,33.325,13.4571153846154,"y",15.7846201748506,0.939261496067047,0.118384166807199,36,"2007-04-01T00:00:00Z","01T00:00:00Z",-119.761666,-119.561666,33.225,33.425,0.961123645305634,0.12048565775156,-119.661666,33.325,0.851037512222926,"y",0.852551774984157
"31","X2007_3_93.3_30","0704_93.3_30","2019-06-27",9,125,"low_normal","Miu_1_a_44",31467,"2007-03-27-C-31JD",200704,2.00704e+13,9330300,"20-0704JD-MX-087-1509-09330300","093.3 030.0",1,"ST",-14.62,"3/28/07",39169,87,"12/30/1899 15:09:00",32.845,32,50.7,"N",-117.526666,-117,31.6,"W",93.3,93.3,30,30,829,13,NA,"RV DAVID STARR JORDAN","31JD","MX",4,32,NA,"93.3 30.0",3101,704,44.3,NA,"","","","",NA,32,3,6,1,14,1018.3,13.8,10.9,1,0,1,8,12.8008333333333,33.6284166666667,4.8025,80.675,9.22727272727273,0.897272727272727,8,0.07,NA,0.595454545454545,0.253636363636364,NA,NA,NA,NA,4,32.8,-117.5,2007,15.7013888888889,0.26396052494674,36,"2007-04-16T00:00:00Z","16T00:00:00Z",-117.626666,-117.426666,32.748333,32.948333,15.71,0.274280999999999,-117.526666,32.848333,15.71,"y",18.5278181216931,0.770498052239418,0.0686347536387189,36,"2007-04-01T00:00:00Z","01T00:00:00Z",-117.626666,-117.426666,32.748333,32.948333,0.765983641147614,0.0763916229665279,-117.526666,32.848333,0.658899354851908,"y",0.483414292645951
"32","X2007_3_93.3_60","0704_93.3_60","2019-06-27",8,125,"low_normal","Miu_1_a_45",31473,"2007-03-27-C-31JD",200704,2.00704e+13,9330600,"20-0704JD-MX-088-2023-09330600","093.3 060.0",1,"ST",-134.11,"3/29/07",39170,88,"12/30/1899 20:23:00",31.846666,31,50.8,"N",-119.566666,-119,34,"W",93.3,93.3,60,59.9,1830,NA,NA,"RV DAVID STARR JORDAN","31JD","MX",10,92,NA,"93.3 60.0",3101,704,70.4,NA,"","","","",NA,31,4,8,30,6,1020,16.5,15,0,NA,0,7,13.5333333333333,33.5124166666667,6.0225,101.8,3.15833333333333,0.4625,1.25833333333333,0.133333333333333,NA,0.780833333333333,0.239166666666667,NA,NA,NA,NA,4,31.8,-119.6,2007,14.72,0.122940171279715,36,"2007-04-16T00:00:00Z","16T00:00:00Z",-119.671666,-119.471666,31.748333,31.948333,14.74,0.0741300000000011,-119.571666,31.848333,14.4361111111111,"y",17.3175462962963,0.334316768580013,0.0152342210965487,36,"2007-04-01T00:00:00Z","01T00:00:00Z",-119.671666,-119.471666,31.748333,31.948333,0.329759269952774,0.0130429474711418,-119.571666,31.848333,0.368735601090723,"y",0.290962073964756
"33","X2008_4_86.7_50","0804_86.7_50","2019-06-27",9,125,"low_normal","Miu_1_a_46",31738,"2008-03-24-C-31JD",200804,2.00804e+13,8670500,"20-0804JD-MX-092-2323-08670500","086.7 050.0",2,"ST",-71.008,"4/1/08",39539,92,"12/30/1899 23:23:00",33.321666,33,19.3,"N",-119.661666,-119,39.7,"W",86.7,86.7,50,50,78,10,NA,"RV DAVID STARR JORDAN","31JD","MX",35,342,NA,"86.7 50.0",3101,804,105.3,NA,"","","","",NA,29,1,6,30,14,1017.8,13.9,10.7,1,3,3,8,11.34,33.7522222222222,4.71444444444444,73.825,13.3555555555556,1.24666666666667,13.9777777777778,0.115555555555556,0.307777777777778,1.74111111111111,0.747777777777778,NA,NA,NA,NA,4,33.3,-119.7,2008,12.4363888888889,0.260583441835298,36,"2008-04-16T00:00:00Z","16T00:00:00Z",-119.761666,-119.561666,33.225,33.425,12.35,0.274281000000001,-119.661666,33.325,12.6200126262626,"y",14.5551575327404,0.931143853399489,0.102354352562164,36,"2008-04-01T00:00:00Z","01T00:00:00Z",-119.761666,-119.561666,33.225,33.425,0.974235594272614,0.0778902871906757,-119.661666,33.325,1.192528994547,"y",0.912142755532706
"34","X2008_3_93.3_30","0804_93.3_30","2019-06-27",9,125,"normal","Miu_1_b_01",31763,"2008-03-24-C-31JD",200804,2.00804e+13,9330300,"20-0804JD-MX-085-1437-09330300","093.3 030.0",1,"ST",-14.775,"3/25/08",39532,85,"12/30/1899 14:37:00",32.845,32,50.7,"N",-117.53,-117,31.8,"W",93.3,93.3,30,30,847,17,NA,"RV DAVID STARR JORDAN","31JD","MX",5,42,NA,"93.3 30.0",3101,804,47,NA,"","","","",NA,14,3,6,22,1,1015,14.8,13.1,2,7,8,7,11.4422222222222,33.6803333333333,4.00777777777778,65.6111111111111,15.9555555555556,1.37,15.7444444444444,0.0488888888888889,0.03,0.5,0.193333333333333,NA,NA,NA,NA,4,32.8,-117.5,2008,16.0713888888889,0.187375143614207,36,"2008-04-16T00:00:00Z","16T00:00:00Z",-117.626666,-117.426666,32.748333,32.948333,16.1,0.214977000000001,-117.526666,32.848333,15.7251388888889,"y",17.8690343915344,0.670790561371379,0.135390590112796,36,"2008-04-01T00:00:00Z","01T00:00:00Z",-117.626666,-117.426666,32.748333,32.948333,0.635018706321716,0.121196239686012,-117.526666,32.848333,0.603941287431452,"y",0.466930735545854
"35","X2008_3_93.3_60","0804_93.3_60","2019-06-27",9,125,"low_normal","Miu_1_b_02",31769,"2008-03-24-C-31JD",200804,2.00804e+13,9330600,"20-0804JD-PR-086-1919-09330600","093.3 060.0",1,"ST",-134.308,"3/26/08",39533,86,"12/30/1899 19:19:00",31.845,31,50.7,"N",-119.57,-119,34.2,"W",93.3,93.3,60,60,1795,11,NA,"RV DAVID STARR JORDAN","31JD","PR",11,102,NA,"93.3 60.0",3101,804,47.5,251.5,"12/30/1899 12:42:00","12/30/1899 16:42:00","12/30/1899 12:04:00","12/30/1899 18:39:00",8,32,5,5,33,27,1022,17.2,13.9,1,7,2,8,12.6033333333333,33.4854166666667,5.08083333333333,84.7333333333333,9.06666666666667,0.8625,8.30833333333333,0.07,0.0383333333333333,0.538333333333333,0.176666666666667,NA,NA,NA,NA,4,31.8,-119.6,2008,14.3027777777778,0.533284223929476,36,"2008-04-16T00:00:00Z","16T00:00:00Z",-119.671666,-119.471666,31.748333,31.948333,14.285,0.681996,-119.571666,31.848333,14.2916666666667,"y",15.9227610767266,0.3855449275838,0.0242373323082936,36,"2008-04-01T00:00:00Z","01T00:00:00Z",-119.671666,-119.471666,31.748333,31.948333,0.389018356800079,0.0309769450128078,-119.571666,31.848333,0.426480408344004,"y",0.370200644592168
"36","X2009_3_80_60","0903_80_60","2019-06-28",10,125,"full","Miu_1_b_03",32001,"2009-03-08-C-31JD",200903,2.00903e+13,8000600,"20-0903JD-MX-079-1238-08000600","080.0 060.0",1,"ST",-38.272,"3/20/09",39892,79,"12/30/1899 12:38:00",34.15,34,9,"N",-121.146666,-121,8.8,"W",80,80,60,60,2149,NA,NA,"RV DAVID STARR JORDAN","31JD","MX",62,612,NA,"80.0 60.0",3101,903,120,NA,"","","","",NA,NA,NA,NA,33,25,1013.1,12.8,11.7,NA,NA,NA,NA,11.9763636363636,33.4353636363636,5.46636363636364,89.6636363636364,6.99090909090909,0.779090909090909,6.91818181818182,0.131818181818182,0.241818181818182,1.37272727272727,0.391818181818182,NA,NA,NA,NA,3,34.2,-121.1,2009,12.463,0.105541297685983,30,"2009-03-17T00:00:00Z","17T00:00:00Z",-121.248333,-121.048333,34.051666,34.251666,12.475,0.111195,-121.148333,34.151666,12.4285,"y",14.0503299182299,0.81706644097964,0.114546942003945,30,"2009-03-01T00:00:00Z","01T00:00:00Z",-121.248333,-121.048333,34.051666,34.251666,0.80179637670517,0.162500305867195,-121.148333,34.151666,0.669566302994887,"y",0.723052198936542
"37","X2009_3_86.7_50","0903_86.7_50","2019-06-28",10,34,"full","Miu_1_b_04",32024,"2009-03-08-C-31JD",200903,2.00903e+13,8670500,"20-0903JD-MX-074-1356-08670500","086.7 050.0",1,"ST",-71.032,"3/15/09",39887,74,"12/30/1899 13:56:00",33.323333,33,19.4,"N",-119.663333,-119,39.8,"W",86.7,86.7,50,50,74,NA,NA,"RV DAVID STARR JORDAN","31JD","MX",38,372,NA,"86.7 50.0",3101,903,64.9,NA,"","","","",NA,28,3,5,31,25,1017.8,12,10.1,1,6,6,6,11.58875,33.40625,5.07875,82.575,10.1125,0.98375,9.5125,0.1075,0.01125,0.75875,0.19125,NA,NA,NA,NA,3,33.3,-119.7,2009,13.2386111111111,0.162149010441944,36,"2009-03-17T00:00:00Z","17T00:00:00Z",-119.761666,-119.561666,33.225,33.425,13.22,0.133434,-119.661666,33.325,13.2418055555556,"y",15.4329630669724,0.786191259821256,0.115907055622192,36,"2009-03-01T00:00:00Z","01T00:00:00Z",-119.761666,-119.561666,33.225,33.425,0.771140217781067,0.150931986021996,-119.661666,33.325,0.835135757095284,"y",0.80053180644567
"38","X2009_3_93.3_30","0903_93.3_30","2019-06-28",10,125,"normal","Miu_1_b_07",32049,"2009-03-08-C-31JD",200903,2.00903e+13,9330300,"20-0903JD-MX-067-1221-09330300","093.3 030.0",1,"ST",-14.959,"3/8/09",39880,67,"12/30/1899 12:21:00",32.846666,32,50.8,"N",-117.535,-117,32.1,"W",93.3,93.3,30,30,841,NA,NA,"RV DAVID STARR JORDAN","31JD","MX",5,42,NA,"93.3 30.0",3101,903,32.7,NA,"","","","",NA,NA,NA,NA,9,10,1015.3,11.9,14.2,NA,NA,NA,NA,12.2277777777778,33.419,5.00375,82.9875,9.5375,0.83375,8.7125,0.085,0.195,0.37625,0.19625,2041.5,2226.035,NA,NA,3,32.8,-117.5,2009,14.8966666666667,0.111432234372029,36,"2009-03-17T00:00:00Z","17T00:00:00Z",-117.626666,-117.426666,32.748333,32.948333,14.9,0.133434,-117.526666,32.848333,15.4666666666667,"y",18.1998338420838,0.350118081602785,0.10853919353045,36,"2009-03-01T00:00:00Z","01T00:00:00Z",-117.626666,-117.426666,32.748333,32.948333,0.301833957433701,0.0249539213955402,-117.526666,32.848333,0.490636193503936,"y",0.401235665125703
"39","X2009_3_93.3_60","0903_93.3_60","2019-06-28",10,125,"low_normal","Miu_1_b_08",32056,"2009-03-08-C-31JD",200903,2.00903e+13,9330600,"20-0903JD-MX-068-1432-09330600","093.3 060.0",1,"ST",-134.156,"3/9/09",39881,68,"12/30/1899 14:32:00",31.85,31,51,"N",-119.57,-119,34.2,"W",93.3,93.3,60,60,1952,NA,NA,"RV DAVID STARR JORDAN","31JD","MX",11,102,NA,"93.3 60.0",3101,903,28.8,NA,"","","","",NA,32,5,6,32,22,1017.1,13.5,10,2,6,8,2,12.9418181818182,33.2253636363636,5.72272727272727,95.5272727272727,5.47272727272727,0.599090909090909,3.95454545454545,0.07,0.0681818181818182,0.323636363636364,0.158181818181818,NA,NA,NA,NA,3,31.8,-119.6,2009,14.3291666666667,0.267243869367074,36,"2009-03-17T00:00:00Z","17T00:00:00Z",-119.671666,-119.471666,31.748333,31.948333,14.27,0.222389999999998,-119.571666,31.848333,14.0343055555556,"y",15.8903477229602,0.331530260543029,0.0177418805222884,36,"2009-03-01T00:00:00Z","01T00:00:00Z",-119.671666,-119.471666,31.748333,31.948333,0.334632366895676,0.0183012405306101,-119.571666,31.848333,0.320212935407956,"y",0.322477699008019
"40","X2010_5_80_60","1004_80_60","2019-06-28",11,125,"full_orange","Miu_1_b_09",32342,"2010-04-27-C-31FN",201004,2.01004e+13,8000600,"20-1004FN-MX-137-0151-08000600","080.0 060.0",2,"ST",-38.227,"5/17/10",40315,137,"12/30/1899 01:51:00",34.146667,34,8.8,"N",-121.143333,-121,8.6,"W",80,80,60,60,2142,NA,NA,"RV MILLER FREEMAN","31FN","MX",189,1882,NA,"80.0 60.0",3101,1004,30.4,NA,"","","","",NA,30,2,5,32,10,1013.7,12.5,12,2,7,8,6,11.4175,33.382375,5.41625,87.6125,14.1875,1.17875,12.85,0.21,0.245,0.3375,0.26875,2088.78,2225.485,NA,NA,4,34.2,-121.1,2010,13.1966666666667,0.59124260341416,30,"2010-04-16T00:00:00Z","16T00:00:00Z",-121.248333,-121.048333,34.051666,34.251666,13.31,0.630105000000001,-121.148333,34.151666,13.3443333333333,"y",14.6169630467572,0.77666074236234,0.13720435951667,30,"2010-04-01T00:00:00Z","01T00:00:00Z",-121.248333,-121.048333,34.051666,34.251666,0.806174784898758,0.0913814907073975,-121.148333,34.151666,0.710276367266973,"y",0.787036558902926
"41","X2010_4_93.3_30","1004_93.3_30","2019-06-28",11,125,"normal","Miu_1_b_10",32391,"2010-04-27-C-31FN",201004,2.01004e+13,9330300,"20-1004FN-MX-117-1208-09330300","093.3 030.0",2,"ST",-14.765,"4/27/10",40295,117,"12/30/1899 12:08:00",32.848333,32,50.9,"N",-117.531667,-117,31.9,"W",93.3,93.3,30,30,846,NA,NA,"RV MILLER FREEMAN","31FN","MX",127,1262,NA,"93.3 30.0",3101,1004,31.8,NA,"","","","",NA,NA,NA,NA,19,3,1013.5,14.5,14,NA,NA,NA,NA,13.9283333333333,33.411,5.45333333333333,93.2833333333333,5.6,0.62,4,0.0883333333333333,0.105,0.353333333333333,0.181666666666667,2041.09,2227.78,NA,NA,4,32.8,-117.5,2010,16.8152777777778,0.233415461736745,36,"2010-04-16T00:00:00Z","16T00:00:00Z",-117.626666,-117.426666,32.748333,32.948333,16.87,0.274280999999998,-117.526666,32.848333,16.2315277777778,"y",18.4539186507936,0.23634751761953,0.0558977017597596,36,"2010-04-01T00:00:00Z","01T00:00:00Z",-117.626666,-117.426666,32.748333,32.948333,0.217240333557129,0.0216338994070888,-117.526666,32.848333,0.310682300685181,"y",0.315399529688336
"42","X2010_4_93.3_60","1004_93.3_60","2019-06-28",11,125,"full","Miu_1_b_11",32398,"2010-04-27-C-31FN",201004,2.01004e+13,9330600,"20-1004FN-MX-118-1142-09330600","093.3 060.0",2,"ST",-134.207,"4/28/10",40296,118,"12/30/1899 11:42:00",31.848333,31,50.9,"N",-119.57,-119,34.2,"W",93.3,93.3,60,60,1833,NA,NA,"RV MILLER FREEMAN","31FN","MX",133,1322,NA,"93.3 60.0",3101,1004,29.2,NA,"","","","",NA,NA,NA,NA,29,10,1016.5,16.2,15.2,NA,NA,NA,NA,14.7777777777778,33.2451111111111,5.84,101.133333333333,2,0.39625,0.425,0.00875,0.0775,0.281111111111111,0.136666666666667,NA,NA,NA,NA,4,31.8,-119.6,2010,15.1527777777778,0.135932990027358,36,"2010-04-16T00:00:00Z","16T00:00:00Z",-119.671666,-119.471666,31.748333,31.948333,15.135,0.126021,-119.571666,31.848333,14.9647222222222,"y",16.5146601731602,0.277031476712889,0.0230729947150188,36,"2010-04-01T00:00:00Z","01T00:00:00Z",-119.671666,-119.471666,31.748333,31.948333,0.275210127234459,0.0272652789115906,-119.571666,31.848333,0.313562538267838,"y",0.369749535116608
"43","X2011_4_80_60","1104_80_60","2019-06-28",12,50,"full","Miu_1_b_12",32672,"2011-04-09-C-325S",201104,2.01104e+13,8000600,"20-11045S-PR-113-1727-08000600","080.0 060.0",2,"ST",-38.855,"4/23/11",40656,113,"12/30/1899 17:27:00",34.15,34,9,"N",-121.155,-121,9.3,"W",80,80,60,60.1,2162,8,NA,"RV BELL M. SHIMADA","325S","PR",103,1022,NA,"80.0 60.0",3101,1104,148.4,1425.6,"12/30/1899 12:05:00","12/30/1899 19:03:00","12/30/1899 12:03:00","12/30/1899 19:13:00",8,30,3,8,30,4,1016.8,14,12,1,3,4,8,10.8941666666667,33.6251666666667,5.06818181818182,81.2181818181818,15.2272727272727,1.43272727272727,15.5181818181818,0.199090909090909,1.03636363636364,1.76,0.99,NA,NA,NA,NA,4,34.2,-121.1,2011,13.1733333333333,0.234555093643312,30,"2011-04-16T00:00:00Z","16T00:00:00Z",-121.248333,-121.048333,34.051666,34.251666,13.2,0.207564000000001,-121.148333,34.151666,13.1931666666667,"y",13.9450260090786,0.653882813453674,0.150064018075659,30,"2011-04-01T00:00:00Z","01T00:00:00Z",-121.248333,-121.048333,34.051666,34.251666,0.603025078773499,0.140907001358271,-121.148333,34.151666,0.533326075971126,"y",0.873452945964204
"44","X2011_4_86.7_50","1104_86.7_50","2019-06-28",11,125,"normal_organge","Miu_1_b_13",32694,"2011-04-09-C-325S",201104,2.01104e+13,8670500,"20-11045S-PR-108-1816-08670500","086.7 050.0",2,"ST",-71.322,"4/18/11",40651,108,"12/30/1899 18:16:00",33.325,33,19.5,"N",-119.668333,-119,40.1,"W",86.7,86.7,50,50,81,10,NA,"RV BELL M. SHIMADA","325S","PR",75,742,NA,"86.7 50.0",3101,1104,33.2,471.3,"12/30/1899 11:58:00","12/30/1899 18:55:00","12/30/1899 11:58:00","12/30/1899 18:57:00",8,31,6,5,31,18,1016.3,13.3,13,2,7,8,4,10.979,33.6845,3.739,60.54,20.2,1.526,18.36,0.137,0.046,0.461,0.266,NA,NA,NA,NA,4,33.3,-119.7,2011,13.6797142857143,0.277281824294406,35,"2011-04-16T00:00:00Z","16T00:00:00Z",-119.761666,-119.561666,33.225,33.425,13.77,0.163086000000002,-119.661666,33.325,13.3233571428571,"y",14.1886167094554,1.04669318265385,0.0786004799174503,36,"2011-04-01T00:00:00Z","01T00:00:00Z",-119.761666,-119.561666,33.225,33.425,1.05114710330963,0.0751672145605087,-119.661666,33.325,1.02513649645779,"y",1.27809253845502
"45","X2011_4_93.3_30","1104_93.3_30","2019-06-28",11,125,"low_normal","Miu_1_b_14",32720,"2011-04-09-C-325S",201104,2.01104e+13,9330300,"20-11045S-MX-100-0921-09330300","093.3 030.0",2,"ST",-14.909,"4/10/11",40643,100,"12/30/1899 09:21:00",32.848333,32,50.9,"N",-117.528333,-117,31.7,"W",93.3,93.3,30,30,815,NA,NA,"RV BELL M. SHIMADA","325S","MX",35,342,NA,"93.3 30.0",3101,1104,48.8,NA,"","","","",NA,NA,NA,NA,7,1,1022.1,14,11.5,NA,NA,NA,NA,11.41,33.586,3.76692307692308,61.8153846153846,18.1076923076923,1.42461538461538,16.3384615384615,0.230769230769231,0.177692307692308,0.640769230769231,0.275384615384615,2151.4,2235.85,NA,NA,4,32.8,-117.5,2011,16.7491666666667,0.12357473158261,36,"2011-04-16T00:00:00Z","16T00:00:00Z",-117.626666,-117.426666,32.748333,32.948333,16.755,0.126021000000001,-117.526666,32.848333,16.1133333333333,"y",17.313269909688,0.530641030934122,0.0789724753455359,36,"2011-04-01T00:00:00Z","01T00:00:00Z",-117.626666,-117.426666,32.748333,32.948333,0.516069024801254,0.0720320733368397,-117.526666,32.848333,0.641815915703773,"y",0.523789144983446
"46","X2011_4_93.3_60","1104_93.3_60","2019-06-28",11,125,"normal","Miu_1_b_15",32725,"2011-04-09-C-325S",201104,2.01104e+13,9330600,"20-11045S-PR-101-1757-09330600","093.3 060.0",2,"ST",-134.799,"4/11/11",40644,101,"12/30/1899 17:57:00",31.851667,31,51.1,"N",-119.578333,-119,34.7,"W",93.3,93.3,60,60,1860,21,NA,"RV BELL M. SHIMADA","325S","PR",42,412,NA,"93.3 60.0",3101,1104,21.9,180.9,"12/30/1899 11:55:00","12/30/1899 18:50:00","12/30/1899 11:59:00","12/30/1899 18:52:00",8,33,8,6,33,14,1024.6,14.5,14,1,6,7,7,13.8814285714286,33.3036428571429,5.49642857142857,93.7571428571429,5.05714285714286,0.587142857142857,4.04285714285714,0.0757142857142857,0.0342857142857143,0.223571428571429,0.0921428571428571,NA,NA,NA,NA,4,31.8,-119.6,2011,15.5544444444444,0.106030843071909,36,"2011-04-16T00:00:00Z","16T00:00:00Z",-119.671666,-119.471666,31.748333,31.948333,15.57,0.103782,-119.571666,31.848333,15.0772222222222,"y",15.5961868686869,0.378579488231076,0.0648503253575623,36,"2011-04-01T00:00:00Z","01T00:00:00Z",-119.671666,-119.471666,31.748333,31.948333,0.370490103960037,0.0582976539105177,-119.571666,31.848333,0.64796280902293,"y",0.467426972774168
"47","X2012_4_80_60","1203_80_60","2019-06-28",12,125,"full","Miu_1_b_16",32966,"2012-03-25-C-325S",201203,2.01203e+13,8000600,"20-12035S-MX-097-1942-08000600","080.0 060.0",2,"ST",-38.519,"4/6/12",41006,98,"12/30/1899 19:42:00",34.151667,34,9.1,"N",-121.148333,-121,8.9,"W",80,80,60,60,2165,13,NA,"RV BELL M SHIMADA","325S","MX",57,562,NA,"80.0 60.0",3101,1203,170.4,NA,"","","","",NA,32,10,9,33,23,1022.3,11.9,8.7,1,0,1,8,10.853,33.6057,5.31333333333333,84.9444444444444,14.3222222222222,1.26111111111111,14.1333333333333,0.227777777777778,0.462222222222222,1.67777777777778,0.498888888888889,NA,NA,NA,NA,3,34.2,-121.1,2012,11.515,0.21557861195173,30,"2012-03-17T00:00:00Z","17T00:00:00Z",-121.248333,-121.048333,34.051666,34.251666,11.515,0.244629,-121.148333,34.151666,11.8071666666667,"y",13.8685061296728,0.546259255210559,0.0646164799357032,30,"2012-03-01T00:00:00Z","01T00:00:00Z",-121.248333,-121.048333,34.051666,34.251666,0.523833245038986,0.0554218781858683,-121.148333,34.151666,0.462893308699131,"y",0.637699823081493
"48","X2012_3_86.7_50","1203_86.7_50","2019-06-28",12,125,"low_normal","Miu_1_b_17",32981,"2012-03-25-C-325S",201203,2.01203e+13,8670500,"20-12035S-MX-091-0228-08670500","086.7 050.0",1,"ST",-71.279,"3/31/12",40999,91,"12/30/1899 02:28:00",33.321667,33,19.3,"N",-119.665,-119,39.9,"W",86.7,86.7,50,50,82,NA,NA,"RV BELL M SHIMADA","325S","MX",31,302,NA,"86.7 50.0",3101,1203,171.9,NA,"","","","",NA,NA,NA,NA,29,17,1015.2,12.9,12.3,0,NA,0,0,11.5455555555556,33.5956666666667,4.84625,78.7,13.45,1.11125,12.5375,0.18375,0.192857142857143,2.59625,0.30625,NA,NA,NA,NA,3,33.3,-119.7,2012,12.972,0.202394489578557,35,"2012-03-17T00:00:00Z","17T00:00:00Z",-119.761666,-119.561666,33.225,33.425,12.95,0.177912000000001,-119.661666,33.325,13.0821428571429,"y",14.8371961296614,0.535549278060595,0.0505061947726881,36,"2012-03-01T00:00:00Z","01T00:00:00Z",-119.761666,-119.561666,33.225,33.425,0.523974984884262,0.0315160894453526,-119.661666,33.325,0.551861033257511,"y",1.04760778626358
"49","X2012_3_93.3_30","1203_93.3_30","2019-06-28",12,125,"low_normal","Miu_1_b_18",33000,"2012-03-25-C-325S",201203,2.01203e+13,9330300,"20-12035S-MX-085-1016-09330300","093.3 030.0",1,"ST",-15.276,"3/25/12",40993,85,"12/30/1899 10:16:00",32.843333,32,50.6,"N",-117.533333,-117,32,"W",93.3,93.3,30,30,850,NA,NA,"RV BELL M SHIMADA","325S","MX",3,22,NA,"93.3 30.0",3101,1203,75.9,NA,"","","","",NA,NA,NA,NA,13,6,1013.9,13.2,11,0,NA,0,0,11.399,33.7077,3.801,62.24,17.55,1.446,16.13,0.189,0.222,0.753,0.212,2121.025,2277.96,NA,NA,3,32.8,-117.5,2012,14.4369444444444,0.177985865320728,36,"2012-03-17T00:00:00Z","17T00:00:00Z",-117.626666,-117.426666,32.748333,32.948333,14.47,0.192738000000001,-117.526666,32.848333,15.0306944444444,"y",17.0252449223417,0.853857454326418,0.283957693162049,36,"2012-03-01T00:00:00Z","01T00:00:00Z",-117.626666,-117.426666,32.748333,32.948333,0.737017065286636,0.187710499817133,-117.526666,32.848333,0.781199314528041,"y",0.469243617210951
"50","X2012_3_93.3_60","1203_93.3_60","2019-06-28",12,125,"low_normal","Miu_1_b_19",33006,"2012-03-25-C-325S",201203,2.01203e+13,9330600,"20-12035S-MX-086-1100-09330600","093.3 060.0",1,"ST",-134.783,"3/26/12",40994,86,"12/30/1899 11:00:00",31.845,31,50.7,"N",-119.573333,-119,34.4,"W",93.3,93.3,60,60,1862,NA,NA,"RV BELL M SHIMADA","325S","MX",9,82,NA,"93.3 60.0",3101,1203,27,NA,"","","","",NA,NA,NA,NA,29,13,1017.4,13.2,10.4,0,NA,0,0,13.64,33.3814,5.609,95.13,4.38,0.497,2.83,0.054,0.047,0.274,0.08,NA,NA,NA,NA,3,31.8,-119.6,2012,14.0405555555556,0.0975688605021221,36,"2012-03-17T00:00:00Z","17T00:00:00Z",-119.671666,-119.471666,31.748333,31.948333,14.025,0.0963689999999993,-119.571666,31.848333,14.5093055555556,"y",15.8810455246914,0.364863891568449,0.0258687295888156,36,"2012-03-01T00:00:00Z","01T00:00:00Z",-119.671666,-119.471666,31.748333,31.948333,0.358239114284515,0.0326302122831345,-119.571666,31.848333,0.305094045897325,"y",0.342871197740789
"51","X2013_4_80_60","1304_80_60","2019-06-28",13,125,"normal","Miu_1_b_20",33275,"2013-04-06-C-325S",201304,2.01304e+13,8000600,"20-13045S-PR-110-1616-08000600","080.0 060.0",2,"ST",-39.155,"4/20/13",37366,110,"12/30/1899 16:16:07",34.15232,34,9.139,"N",-121.16733,-121,10.04,"W",80,80,60,60.2,2310,18,NA,"RV BELL M SHIMADA","325S","PR",57,648,1,"80.0 60.0",3101,1304,57.4,574.5,"12/30/1899 12:00:00","12/30/1899 19:11:00","12/30/1899 12:03:00","12/30/1899 19:11:00",8,34,7,6,33,27,1016.3,13.1,11.8,0,NA,0,7,11.3899230769231,33.6064384615385,5.32316666666667,86.2391666666667,10.6,1.0875,11.475,0.168333333333333,0.799166666666667,0.604,0.293916666666667,NA,NA,0.138857142857143,NA,4,34.2,-121.1,2013,12.6906666666667,0.111600683885351,30,"2013-04-16T00:00:00Z","16T00:00:00Z",-121.248333,-121.048333,34.051666,34.251666,12.725,0.0889559999999981,-121.148333,34.151666,12.3641666666667,"y",14.26680651341,0.445974659919739,0.0817999341914257,30,"2013-04-01T00:00:00Z","01T00:00:00Z",-121.248333,-121.048333,34.051666,34.251666,0.416833356022835,0.0870586366564035,-121.148333,34.151666,0.654336986939112,"y",0.811514587700367
"52","X2013_4_86.7_50","1304_86.7_50","2019-06-28",13,125,"normal","Miu_1_b_21",33296,"2013-04-06-C-325S",201304,2.01304e+13,8670500,"20-13045S-MX-105-1214-08670500","086.7 050.0",2,"ST",-70.967,"4/15/13",37361,105,"12/30/1899 12:14:11",33.3245,33,19.47,"N",-119.66017,-119,39.61,"W",86.7,86.7,50,50,72,NA,NA,"RV BELL M SHIMADA","325S","MX",35,398,1,"86.7 50.0",3101,1304,68.1,NA,"","","","",NA,NA,NA,NA,32,25,1011.6,12.2,11.6,NA,NA,NA,NA,10.3747777777778,33.8326,3.47833333333333,55.6,23.9177777777778,1.66666666666667,20.0444444444444,0.132222222222222,0.251111111111111,0.688333333333333,0.429111111111111,NA,NA,NA,NA,4,33.3,-119.7,2013,13.3894285714286,0.313387026807793,35,"2013-04-16T00:00:00Z","16T00:00:00Z",-119.761666,-119.561666,33.225,33.425,13.35,0.385476,-119.661666,33.325,13.2225476190476,"y",15.3146924934899,1.20097202403205,0.156301894512653,35,"2013-04-01T00:00:00Z","01T00:00:00Z",-119.761666,-119.561666,33.225,33.425,1.21740686893463,0.138412629890442,-119.661666,33.325,1.20377516661372,"y",1.02324709828805
"53","X2013_4_93.3_30","1304_93.3_30","2019-06-28",13,125,"normal","Miu_1_b_22",33320,"2013-04-06-C-325S",201304,2.01304e+13,9330300,"20-13045S-MX-097-0724-09330300","093.3 030.0",2,"ST",-15.601,"4/7/13",37353,97,"12/30/1899 07:24:14",32.8385,32,50.31,"N",-117.533,-117,31.98,"W",93.3,93.3,30,30.1,870,NA,NA,"RV BELL M SHIMADA","325S","MX",4,36,1,"93.3 30.0",3101,1304,30.3,NA,"","","","",NA,NA,NA,NA,33,2,1016,15.1,14.9,NA,NA,NA,NA,11.8937777777778,33.6667666666667,4.01588888888889,66.6188888888889,15.2777777777778,1.29222222222222,14.5333333333333,0.0355555555555556,NA,0.311444444444444,0.216111111111111,2099.4,2233.24,NA,NA,4,32.8,-117.5,2013,16.0277777777778,0.428039458201902,36,"2013-04-16T00:00:00Z","16T00:00:00Z",-117.626666,-117.426666,32.748333,32.948333,15.81,0.222390000000001,-117.526666,32.848333,15.7722222222222,"y",18.1345503072197,0.403701984220081,0.0919242793151909,36,"2013-04-01T00:00:00Z","01T00:00:00Z",-117.626666,-117.426666,32.748333,32.948333,0.371388733386993,0.0715094761580229,-117.526666,32.848333,0.397249304585987,"y",0.330481596670493
"54","X2013_4_93.3_60","1304_93.3_60","2019-06-28",13,125,"normal","Miu_1_b_23",33326,"2013-04-06-C-325S",201304,2.01304e+13,9330600,"20-13045S-PR-101-1513-09330600","093.3 060.0",2,"ST",-135.193,"4/11/13",37357,101,"12/30/1899 15:13:47",31.8475,31,50.85,"N",-119.5805,-119,34.83,"W",93.3,93.3,60,60.1,1860,16,NA,"RV BELL M SHIMADA","325S","PR",22,246,1,"93.3 60.0",3101,1304,51.2,322.1,"12/30/1899 11:59:00","12/30/1899 18:55:00","12/30/1899 11:59:00","12/30/1899 18:54:00",8,32,4,6,32,19,1016.3,14,13,2,6,8,6,13.7820769230769,33.3729923076923,5.98046153846154,101.546923076923,3.60615384615385,0.38,0.761538461538461,0.05,0.0684615384615385,0.547307692307692,0.156769230769231,NA,NA,0.12525,NA,4,31.8,-119.6,2013,14.4725,0.147887505509135,36,"2013-04-16T00:00:00Z","16T00:00:00Z",-119.671666,-119.471666,31.748333,31.948333,14.485,0.170499,-119.571666,31.848333,14.4098611111111,"y",16.2679674603175,0.328616476721234,0.0149500744578747,36,"2013-04-01T00:00:00Z","01T00:00:00Z",-119.671666,-119.471666,31.748333,31.948333,0.3257165402174,0.00886548390984535,-119.571666,31.848333,0.310971541123258,"y",0.359313711859537
"55","X2014_4_80_60","1404_80_60","2019-06-28",14,125,"normal","Miu_1_b_24",33534,"2014-03-28-C-31OS",201404,2.01404e+13,8000600,"20-1404OS-MX-103-2209-08000600","080.0 060.0",2,"ST",-38.443,"4/13/14",37359,103,"12/30/1899 22:09:40",34.16203,34,9.722,"N",-121.15758,-121,9.455,"W",80,79.9,60,60,2215,14,NA,"RV OCEAN STARR","31OS","MX",59,702,1,"80.0 60.0",3101,1404,42.6,NA,"","","","",NA,34,2,6,34,18,1021,15.1,13.3,2,7,8,6,12.0732727272727,33.5517454545455,4.74588888888889,78.3711111111111,12.17,1.11444444444444,10.9111111111111,0.117111111111111,0.44,0.376333333333333,0.387666666666667,2062.22,2235.615,NA,NA,4,34.2,-121.1,2014,14.4906666666667,0.200016091306698,30,"2014-04-16T00:00:00Z","16T00:00:00Z",-121.248333,-121.048333,34.051666,34.251666,14.54,0.0741299999999997,-121.148333,34.151666,14.4151666666667,"y",14.6582,0.443848463892937,0.0629979424894633,30,"2014-04-01T00:00:00Z","01T00:00:00Z",-121.248333,-121.048333,34.051666,34.251666,0.430835425853729,0.0829735637694597,-121.148333,34.151666,0.563622257610162,"y",0.849129660833966
"56","X2014_4_93.3_30","1404_93.3_30","2019-06-28",13,125,"normal_organge","Miu_1_b_26",33581,"2014-03-28-C-31OS",201404,2.01404e+13,9330300,"20-1404OS-MX-092-0346-09330300","093.3 030.0",2,"ST",-15.262,"4/2/14",37348,92,"12/30/1899 03:46:34",32.84772,32,50.863,"N",-117.53193,-117,31.916,"W",93.3,93.3,30,30,857,NA,NA,"RV OCEAN STARR","31OS","MX",5,41,1,"93.3 30.0",3101,1404,31.2,NA,"","","","",NA,NA,NA,NA,33,12,1020,14.9,11.9,NA,NA,NA,NA,13.0638888888889,33.4843222222222,4.80677777777778,81.0955555555555,8.97,0.91,8.76666666666667,0.113444444444444,0.128888888888889,0.332333333333333,0.113333333333333,2048.505,2231.195,NA,NA,4,32.8,-117.5,2014,16.7941666666667,0.372845237905182,36,"2014-04-16T00:00:00Z","16T00:00:00Z",-117.626666,-117.426666,32.748333,32.948333,16.92,0.259454999999998,-117.526666,32.848333,17.1420833333333,"y",18.6381076388889,0.333230984707673,0.0861672850988262,36,"2014-04-01T00:00:00Z","01T00:00:00Z",-117.626666,-117.426666,32.748333,32.948333,0.315421029925346,0.0952926959216595,-117.526666,32.848333,0.27088125443293,"y",0.249675049446523
"57","X2014_4_93.3_60","1404_93.3_60","2019-06-28",13,125,"normal_organge","Miu_1_b_27",33587,"2014-03-28-C-31OS",201404,2.01404e+13,9330600,"20-1404OS-MX-093-0716-09330600","093.3 060.0",2,"ST",-134.416,"4/3/14",37349,93,"12/30/1899 07:16:19",31.84738,31,50.843,"N",-119.56267,-119,33.76,"W",93.3,93.3,60,59.9,1912,NA,NA,"RV OCEAN STARR","31OS","MX",11,115,1,"93.3 60.0",3101,1404,23.8,NA,"","","","",NA,NA,NA,NA,33,17,1025.5,14.3,11.2,NA,NA,NA,NA,13.3573333333333,33.2983,5.50244444444444,92.7633333333333,5,0.58375,3.7875,0.033375,0.03875,0.243125,0.145125,NA,NA,NA,NA,4,31.8,-119.6,2014,15.5466666666667,0.171030490180636,36,"2014-04-16T00:00:00Z","16T00:00:00Z",-119.671666,-119.471666,31.748333,31.948333,15.585,0.111195,-119.571666,31.848333,15.5909722222222,"y",16.960922735761,0.253365895400445,0.0220942881504182,36,"2014-04-01T00:00:00Z","01T00:00:00Z",-119.671666,-119.471666,31.748333,31.948333,0.250425845384598,0.0300297307223082,-119.571666,31.848333,0.232436826038692,"y",0.304722204942394
"58","X2015_4_80_60","1504_80_60","2019-06-28",14,100,"full_orange","Miu_1_b_28",33857,"2015-04-04-C-32NM",201504,2.01504e+13,8000600,"20-1504NM-MX-106-1433-08000600","080.0 060.0",2,"ST",-38.351,"4/16/15",37362,106,"12/30/1899 14:33:35",34.15052,34,9.031,"N",-121.14713,-121,8.828,"W",80,80,60,60,2180,NA,NA,"RV NEW HORIZON","32NM","MX",57,668,1,"80.0 60.0",3101,1504,176.3,NA,"","","","",NA,36,4,6,1,11,1013.3,15.1,13.1,0,NA,0,7,12.6565,33.28401,5.4893,91.413,5.976,0.8,6.566,0.104,0.196,1.7095,0.9818,2027.205,2226.445,NA,NA,4,34.2,-121.1,2015,15.3956666666667,0.255527626326571,30,"2015-04-16T00:00:00Z","16T00:00:00Z",-121.248333,-121.048333,34.051666,34.251666,15.42,0.355824,-121.148333,34.151666,15.3985,"y",16.415303030303,0.277162417769432,0.0796998738267351,30,"2015-04-01T00:00:00Z","01T00:00:00Z",-121.248333,-121.048333,34.051666,34.251666,0.246947824954987,0.0614057539612055,-121.148333,34.151666,0.284534631917874,"y",0.421706880339318
"59","X2015_4_86.7_50","1504_86.7_50","2019-06-28",14,125,"low_normal_orange","Miu_1_b_29",33877,"2015-04-04-C-32NM",201504,2.01504e+13,8670500,"20-1504NM-MX-101-2307-08670500","086.7 050.0",2,"ST",-70.72,"4/11/15",37357,101,"12/30/1899 23:07:41",33.32897,33,19.738,"N",-119.6576,-119,39.456,"W",86.7,86.7,50,49.9,76,8,NA,"RV NEW HORIZON","32NM","MX",38,444,1,"86.7 50.0",3101,1504,112,NA,"","","","",NA,30,3,6,31,14,1012.3,16.9,13.8,1,2,1,8,12.267875,33.3863875,4.91,80.7971428571429,10.37,0.998571428571429,10.2957142857143,0.100142857142857,0.105714285714286,1.44685714285714,0.579,NA,NA,NA,NA,4,33.3,-119.7,2015,15.4245161290323,0.567801835794129,31,"2015-04-16T00:00:00Z","16T00:00:00Z",-119.761666,-119.561666,33.225,33.425,15.42,0.385476,-119.661666,33.325,15.802400921659,"y",16.7760520854902,0.898661923077371,0.130137962220975,36,"2015-04-01T00:00:00Z","01T00:00:00Z",-119.761666,-119.561666,33.225,33.425,0.897187948226929,0.104000748950243,-119.661666,33.325,0.668573044654396,"y",0.462059390139213
"60","X2015_4_93.3_30","1504_93.3_30","2019-06-28",14,125,"normal_orange","Miu_1_b_30",33902,"2015-04-04-C-32NM",201504,2.01504e+13,9330300,"20-1504NM-MX-095-0513-09330300","093.3 030.0",2,"ST",-15.617,"4/5/15",37351,95,"12/30/1899 05:13:33",32.84228,32,50.537,"N",-117.53622,-117,32.173,"W",93.3,93.3,30,30.1,874,NA,NA,"RV NEW HORIZON","32NM","MX",5,44,1,"93.3 30.0",3101,1504,29.9,NA,"","","","",NA,NA,NA,NA,33,1,1011.8,18,16,NA,NA,NA,NA,12.6097777777778,33.3978444444444,4.81177777777778,80.5488888888889,10.4077777777778,1.00888888888889,10.0122222222222,0.0574444444444444,0.01,0.320888888888889,0.240666666666667,2051.93,2223.695,NA,NA,4,32.8,-117.5,2015,18.1083333333333,0.146823509211376,36,"2015-04-16T00:00:00Z","16T00:00:00Z",-117.626666,-117.426666,32.748333,32.948333,18.1,0.177912000000001,-117.526666,32.848333,18.01875,"y",19.5743055555556,0.267967792848746,0.0476201513105531,36,"2015-04-01T00:00:00Z","01T00:00:00Z",-117.626666,-117.426666,32.748333,32.948333,0.262946873903275,0.0368460835888982,-117.526666,32.848333,0.228788922851284,"y",0.188867875029919
"61","X2015_4_93.3_60","1504_93.3_60","2019-06-28",14,125,"low_normal_orange","Miu_1_b_31",33908,"2015-04-04-C-32NM",201504,2.01504e+13,9330600,"20-1504NM-MX-096-0626-09330600","093.3 060.0",2,"ST",-134.659,"4/6/15",37352,96,"12/30/1899 06:26:11",31.84518,31,50.711,"N",-119.56667,-119,34,"W",93.3,93.3,60,60,1845,NA,NA,"RV NEW HORIZON","32NM","MX",11,114,1,"93.3 60.0",3101,1504,24.9,NA,"","","","",NA,NA,NA,NA,31,17,1013,16.5,13.8,NA,NA,NA,NA,15.2265,33.29664,5.5881,97.721,3.216,0.473,1.583,0.0462,0.001,0.2103,0.1387,NA,NA,NA,NA,4,31.8,-119.6,2015,16.6247222222222,0.231646110770115,36,"2015-04-16T00:00:00Z","16T00:00:00Z",-119.671666,-119.471666,31.748333,31.948333,16.64,0.207564000000001,-119.571666,31.848333,16.7643055555556,"y",17.7503174603175,0.1574462428689,0.0132205528075215,36,"2015-04-01T00:00:00Z","01T00:00:00Z",-119.671666,-119.471666,31.748333,31.948333,0.151730075478554,0.00646032180190086,-119.571666,31.848333,0.142767382578717,"y",0.164246123792096
"62","X2016_4_86.7_50","1604_86.7_50","2019-07-01",15,125,"full","Miu_1_b_32",34221,"2016-04-01-C-325S",201604,2.01604e+13,8670500,"20-16045S-MX-099-0306-08670500","086.7 050.0",2,"ST",-71.068,"4/9/16",37355,99,"12/30/1899 03:06:12",33.31567,33,18.94,"N",-119.65623,-119,39.374,"W",86.7,86.7,50,50,76,NA,NA,"RV BELL M SHIMADA","325S","MX",42,514,2,"86.7 50.0",3101,1604,165.2,NA,"","","","",NA,NA,NA,NA,13,6,1013.4,15.3,14.4,NA,NA,NA,NA,13.1944444444444,33.4812888888889,6.18875,103.8725,2.65875,0.635,3.36625,0.13875,1.01,2.919375,1.543125,NA,NA,NA,NA,4,33.3,-119.7,2016,14.7897058823529,0.391256602570817,34,"2016-04-16T00:00:00Z","16T00:00:00Z",-119.761666,-119.561666,33.225,33.425,14.84,0.415128000000002,-119.661666,33.325,14.811281512605,"y",16.9316105954085,0.728526753683885,0.153190831154591,36,"2016-04-01T00:00:00Z","01T00:00:00Z",-119.761666,-119.561666,33.225,33.425,0.728860318660736,0.188377117753029,-119.661666,33.325,0.822008781549003,"y",0.55608982213492
"63","X2016_4_93.3_30","1604_93.3_30","2019-07-01",15,125,"normal","Miu_1_b_34",34248,"2016-04-01-C-325S",201604,2.01604e+13,9330300,"20-16045S-MX-092-0536-09330300","093.3 030.0",2,"ST",-15.44,"4/2/16",37348,92,"12/30/1899 05:36:55",32.84232,32,50.539,"N",-117.53212,-117,31.927,"W",93.3,93.3,30,30,875,NA,NA,"RV BELL M SHIMADA","325S","MX",5,43,1,"93.3 30.0",3101,1604,35.7,NA,"","","","",NA,NA,NA,NA,33,1,1020.5,15.2,13.7,NA,NA,NA,NA,13.4277777777778,33.5082444444444,4.55177777777778,77.3122222222222,8.98222222222222,0.956666666666667,8.90444444444444,0.0845555555555556,0.488888888888889,0.380666666666667,0.220555555555556,NA,NA,NA,NA,4,32.8,-117.5,2016,17.7402777777778,0.155223085748243,36,"2016-04-16T00:00:00Z","16T00:00:00Z",-117.626666,-117.426666,32.748333,32.948333,17.745,0.200150999999997,-117.526666,32.848333,17.4001388888889,"y",19.7060958994709,0.239796939823363,0.0362189434914797,36,"2016-04-01T00:00:00Z","01T00:00:00Z",-117.626666,-117.426666,32.748333,32.948333,0.22868487238884,0.0274359542235732,-117.526666,32.848333,0.244959273892972,"y",0.273472616345518
"64","X2016_4_93.3_60","1604_93.3_60","2019-07-01",15,125,"normal","Miu_1_b_35",34254,"2016-04-01-C-325S",201604,2.01604e+13,9330600,"20-16045S-MX-093-0532-09330600","093.3 060.0",2,"ST",-134.948,"4/3/16",37349,93,"12/30/1899 05:32:33",31.84073,31,50.444,"N",-119.57013,-119,34.208,"W",93.3,93.3,60,60,1807,NA,NA,"RV BELL M SHIMADA","325S","MX",11,119,1,"93.3 60.0",3101,1604,33.4,NA,"","","","",NA,NA,NA,NA,33,17,1020.1,13.6,12.5,NA,NA,NA,NA,14.47225,33.3614083333333,5.51491666666667,95.175,3.76333333333333,0.505,2.41083333333333,0.018,0.05,0.327583333333333,0.148833333333333,NA,NA,NA,NA,4,31.8,-119.6,2016,16.5094444444444,0.288106571992721,36,"2016-04-16T00:00:00Z","16T00:00:00Z",-119.671666,-119.471666,31.748333,31.948333,16.45,0.222389999999998,-119.571666,31.848333,16.1620833333333,"y",18.2473665223665,0.252892184174723,0.027120267107422,36,"2016-04-01T00:00:00Z","01T00:00:00Z",-119.671666,-119.471666,31.748333,31.948333,0.257203310728073,0.0332437309876084,-119.571666,31.848333,0.245044286466307,"y",0.196184933237318
"65","X2017_4_80_60","1704_80_60","2019-07-01",15,125,"normal_organge","Miu_1_b_36",34527,"2017-03-29-C-325S",201704,2.01704e+13,8000600,"20-17045S-MX-101-0107-08000600","080.0 060.0",2,"ST",-38.645,"4/11/17",37357,101,"12/30/1899 01:07:31",34.14817,34,8.89,"N",-121.15233,-121,9.14,"W",80,80,60,60,2177,12,NA,"RV BELL M SHIMADA","325S","MX",63,807,1,"80.0 60.0",3101,1704,39.3,NA,"","","","",NA,31,6,7,31,23,1017.3,14.1,12.9,0,NA,0,8,12.0222727272727,33.4194363636364,5.0409,82.778,10.256,0.929,10.171,0.1517,0.084,0.413,0.3311,NA,NA,NA,NA,4,34.2,-121.1,2017,12.9626666666667,0.11076328700037,30,"2017-04-16T00:00:00Z","16T00:00:00Z",-121.248333,-121.048333,34.051666,34.251666,12.96,0.111195,-121.148333,34.151666,13.1323333333333,"y",14.9775277777778,0.732565426826477,0.176090328143794,30,"2017-04-01T00:00:00Z","01T00:00:00Z",-121.248333,-121.048333,34.051666,34.251666,0.699494302272797,0.131915457862616,-121.148333,34.151666,0.726909034450849,"y",0.785992060436143
"66","X2017_4_86.7_50","1704_86.7_50","2019-07-01",15,125,"low","Miu_1_b_37",34550,"2017-03-29-C-325S",201704,2.01704e+13,8670500,"20-17045S-MX-096-0512-08670500","086.7 050.0",2,"ST",-70.991,"4/6/17",37352,96,"12/30/1899 05:12:30",33.32372,33,19.423,"N",-119.66018,-119,39.611,"W",86.7,86.7,50,50,79,NA,NA,"RV BELL M SHIMADA","325S","MX",39,497,1,"86.7 50.0",3101,1704,50.3,NA,"","","","",NA,NA,NA,NA,28,7,1016.5,14.8,14,NA,NA,NA,NA,12.38025,33.44885,4.95314285714286,81.8628571428571,11.1157142857143,0.991428571428571,10.8171428571429,0.195285714285714,0.314285714285714,0.658285714285714,0.239142857142857,NA,NA,NA,NA,4,33.3,-119.7,2017,14.0160606060606,0.288421776591368,33,"2017-04-16T00:00:00Z","16T00:00:00Z",-119.761666,-119.561666,33.225,33.425,13.95,0.281694000000002,-119.661666,33.325,13.9360303030303,"y",15.8567182082764,1.14049016407558,0.148230755123298,35,"2017-04-01T00:00:00Z","01T00:00:00Z",-119.761666,-119.561666,33.225,33.425,1.16690289974213,0.147593196487427,-119.661666,33.325,0.881471869290348,"y",0.836089402586894
"67","X2017_3_93.3_60","1704_93.3_60","2019-07-01",16,125,"low","Miu_1_b_38",34583,"2017-03-29-C-325S",201704,2.01704e+13,9330600,"20-17045S-MX-089-1434-09330600","093.3 060.0",1,"ST",-134.959,"3/30/17",37345,89,"12/30/1899 14:34:40",31.84467,31,50.68,"N",-119.57317,-119,34.39,"W",93.3,93.3,60,60,1771,15,NA,"RV BELL M SHIMADA","325S","MX",11,123,1,"93.3 60.0",3101,1704,47.5,NA,"","","","",NA,29,8,9,32,24,1015.9,14.9,14,1,7,3,5,14.3263636363636,33.3113909090909,5.512,94.8245454545455,3.40909090909091,0.445454545454545,2.55545454545455,0.0603636363636364,0,0.493090909090909,0.199545454545455,NA,NA,NA,NA,4,31.8,-119.6,2017,15.0394444444444,0.0812735924233499,36,"2017-04-16T00:00:00Z","16T00:00:00Z",-119.671666,-119.471666,31.748333,31.948333,15.045,0.0741299999999997,-119.571666,31.848333,15.1165277777778,"y",16.9805702614379,0.389404114749696,0.0295745343830601,36,"2017-04-01T00:00:00Z","01T00:00:00Z",-119.671666,-119.471666,31.748333,31.948333,0.389199033379555,0.0282774229466915,-119.571666,31.848333,0.325808360344834,"y",0.250375400538798
"68","X2018_4_80_60","1804_80_60","2019-07-01",16,125,"normal","Miu_1_b_39",34822,"2018-04-05-C-325S",201804,2.01804e+13,8000600,"20-18045S-MX-108-0736-08000600","080.0 060.0",2,"ST",-39.153,"4/18/18",37364,108,"12/30/1899 07:36:46",34.14462,34,8.677,"N",-121.1617,-121,9.702,"W",80,80,60,60.2,2222,NA,NA,"RV BELL M SHIMADA","325S","MX",63,822,1,"80.0 60.0",3101,1804,330.5,NA,"","","","",NA,NA,NA,NA,34,24,1019,12.4,9.8,NA,NA,NA,NA,12.7411111111111,33.5183111111111,5.96,99.1455555555556,3.32111111111111,0.5,4.1,0.182333333333333,0.413333333333333,3.60322222222222,0.888444444444444,NA,NA,NA,NA,4,34.2,-121.1,2018,13.612,0.346384279327912,30,"2018-04-16T00:00:00Z","16T00:00:00Z",-121.248333,-121.048333,34.051666,34.251666,13.655,0.318759000000001,-121.148333,34.151666,13.7113333333333,"y",15.292125,0.596528607606888,0.125511472104191,30,"2018-04-01T00:00:00Z","01T00:00:00Z",-121.248333,-121.048333,34.051666,34.251666,0.603783786296844,0.125394425976276,-121.148333,34.151666,0.511681453386943,"y",0.646788285175959
"69","X2018_4_86.7_50","1804_86.7_50","2019-07-01",16,125,"low","Miu_1_b_40",34845,"2018-04-05-C-325S",201804,2.01804e+13,8670500,"20-18045S-PR-102-1535-08670500","086.7 050.0",2,"ST",-71.306,"4/12/18",37358,102,"12/30/1899 15:35:02",33.31112,33,18.667,"N",-119.6585,-119,39.51,"W",86.7,86.8,50,50,74,9,NA,"RV BELL M SHIMADA","325S","PR",39,509,1,"86.7 50.0",3101,1804,141.7,969,"12/30/1899 11:55:00","12/30/1899 18:52:00","12/30/1899 12:00:00","12/30/1899 18:52:00",8,30,10,6,33,31,1018.7,12.3,9.2,0,NA,0,8,12.8748,33.55043,5.56725,92.845,6.73625,0.63,5.58375,0.1665,0.07875,2.351125,0.655125,NA,NA,0.0393333333333333,NA,4,33.3,-119.7,2018,13.3305555555556,0.338171084718494,36,"2018-04-16T00:00:00Z","16T00:00:00Z",-119.761666,-119.561666,33.225,33.425,13.3,0.340998000000001,-119.661666,33.325,13.5643686868687,"y",15.988643438271,1.07848279816764,0.129029491634067,35,"2018-04-01T00:00:00Z","01T00:00:00Z",-119.761666,-119.561666,33.225,33.425,1.09465706348419,0.106711891651154,-119.661666,33.325,0.826590947274651,"y",0.711313171183399
"70","X2018_4_93.3_30","1804_93.3_30","2019-07-01",16,125,"low_normal_orange","Miu_1_b_42",34872,"2018-04-05-C-325S",201804,2.01804e+13,9330300,"20-18045S-MX-096-0556-09330300","093.3 030.0",2,"ST",-14.93,"4/6/18",37352,96,"12/30/1899 05:56:25",32.84637,32,50.782,"N",-117.5232,-117,31.392,"W",93.3,93.3,30,29.9,827,NA,NA,"RV BELL M SHIMADA","325S","MX",5,41,1,"93.3 30.0",3101,1804,28.8,NA,"","","","",NA,NA,NA,NA,31,7,1016.6,14.8,12.8,NA,NA,NA,NA,12.813,33.5779444444444,4.46066666666667,75.1311111111111,9.94555555555556,0.937777777777778,10.3266666666667,0.0336666666666667,0,0.306555555555556,0.208666666666667,NA,NA,NA,NA,4,32.8,-117.5,2018,16.2888888888889,0.2433078916902,36,"2018-04-16T00:00:00Z","16T00:00:00Z",-117.626666,-117.426666,32.748333,32.948333,16.335,0.214976999999999,-117.526666,32.848333,15.8526388888889,"y",18.7439778759174,0.307385327087508,0.0658712328930793,36,"2018-04-01T00:00:00Z","01T00:00:00Z",-117.626666,-117.426666,32.748333,32.948333,0.281310528516769,0.024381240606308,-117.526666,32.848333,0.345255312406354,"y",0.357432140796273
"71","X2018_4_93.3_60","1804_93.3_60","2019-07-01",16,125,"low_normal_orange","Miu_1_b_43",34878,"2018-04-05-C-325S",201804,2.01804e+13,9330600,"20-18045S-MX-097-0523-09330600","093.3 060.0",2,"ST",-134.868,"4/7/18",37353,97,"12/30/1899 05:23:20",31.84667,31,50.8,"N",-119.5725,-119,34.35,"W",93.3,93.3,60,60,1899,NA,NA,"RV BELL M SHIMADA","325S","MX",11,120,1,"93.3 60.0",3101,1804,25.4,NA,"","","","",NA,NA,NA,NA,28,11,1017.5,15.4,14.7,NA,NA,NA,NA,15.0933333333333,33.5563777777778,5.641,98.5788888888889,2.61222222222222,0.301111111111111,1.16333333333333,0.0286666666666667,NA,0.217777777777778,0.135111111111111,NA,NA,NA,NA,4,31.8,-119.6,2018,14.7852777777778,0.336515642694033,36,"2018-04-16T00:00:00Z","16T00:00:00Z",-119.671666,-119.471666,31.748333,31.948333,14.695,0.44478,-119.571666,31.848333,15.1743055555556,"y",16.8924555555556,0.188787415623665,0.0287893393853127,36,"2018-04-01T00:00:00Z","01T00:00:00Z",-119.671666,-119.471666,31.748333,31.948333,0.194900192320347,0.0321715175494552,-119.571666,31.848333,0.186144661572244,"y",0.252263712863111
"72","X2019_4_80_60","1904_80_60","2019-07-01",17,125,"full","Miu_1_b_44",35070,"2019-04-02-C-33RL",201904,2.01904e+13,8000600,"20-1904RL-PR-105-1604-08000600","080.0 060.0",2,"ST",-38.709,"4/15/19",37361,105,"12/30/1899 16:04:56",34.14882,34,8.929,"N",-121.15433,-121,9.26,"W",80,80,60,60.1,2223,17,NA,"RV REUBEN LASKER","33RL","PR",58,634,1,"80.0 60.0",3101,1904,79.6,504.1,"12/30/1899 12:00:00","12/30/1899 19:05:00","12/30/1899 12:05:00","12/30/1899 19:06:00",8,32,4,5,32,18,1013.3,15.4,12.8,1,7,3,7,12.44675,33.52025,5.3146875,87.72725,8.18357142857143,0.784285714285714,7.96,0.2035,0.182142857142857,0.908785714285714,0.374357142857143,NA,NA,0.1154,NA,4,34.2,-121.1,2019,13.7623333333333,0.325127914703644,30,"2019-04-16T00:00:00Z","16T00:00:00Z",-121.248333,-121.048333,34.051666,34.251666,13.76,0.333584999999999,-121.148333,34.151666,14.0081666666667,"y",15.4843611111111,0.513610087831815,0.0799358624189499,30,"2019-04-01T00:00:00Z","01T00:00:00Z",-121.248333,-121.048333,34.051666,34.251666,0.506075501441956,0.100258131310344,-121.148333,34.151666,0.410212640961011,"y",0.550517764935891
"73","X2019_4_86.7_50","1904_86.7_50","2019-07-01",17,125,"low","Miu_1_b_46",35090,"2019-04-02-C-33RL",201904,2.01904e+13,8670500,"20-1904RL-MX-098-2320-08670500","086.7 050.0",2,"ST",-71.284,"4/8/19",37354,98,"12/30/1899 23:20:54",33.32117,33,19.27,"N",-119.66517,-119,39.91,"W",86.7,86.7,50,50,72,NA,NA,"RV REUBEN LASKER","33RL","MX",32,371,1,"86.7 50.0",3101,1904,50.5,NA,"","","","",NA,29,8,10,32,25,1017.1,16.9,14.9,1,6,7,7,13.0788333333333,33.5966166666667,5.322,89.5033333333333,6.24833333333333,0.626666666666667,5.725,0.206666666666667,0.183333333333333,0.761833333333333,0.479333333333333,NA,NA,NA,NA,4,33.3,-119.7,2019,14.242,0.41023522664012,35,"2019-04-16T00:00:00Z","16T00:00:00Z",-119.761666,-119.561666,33.225,33.425,14.27,0.296519999999999,-119.661666,33.325,14.3505833333333,"y",16.1622572751323,0.582012293239435,0.0815044010716535,36,"2019-04-01T00:00:00Z","01T00:00:00Z",-119.761666,-119.561666,33.225,33.425,0.597490698099136,0.0757660086393356,-119.661666,33.325,0.471362484412061,"y",0.612253109772595
"74","X2019_4_93.3_30","1904_93.3_30","2019-07-01",17,125,"normal_organge","Miu_1_b_47",35114,"2019-04-02-C-33RL",201904,2.01904e+13,9330300,"20-1904RL-MX-093-0422-09330300","093.3 030.0",2,"ST",-15.171,"4/3/19",37349,93,"12/30/1899 04:22:46",32.845,32,50.7,"N",-117.52782,-117,31.669,"W",93.3,93.3,30,30,822,NA,NA,"RV REUBEN LASKER","33RL","MX",4,33,1,"93.3 30.0",3101,1904,37.5,NA,"","","","",NA,NA,NA,NA,26,7,1015.3,17,13.8,NA,NA,NA,NA,13.0152,33.61407,5.0269,84.671,7.269,0.709,6.93,0.0881,0.107,0.3844,0.2283,NA,NA,NA,NA,4,32.8,-117.5,2019,16.8552777777778,0.0920399326724506,36,"2019-04-16T00:00:00Z","16T00:00:00Z",-117.626666,-117.426666,32.748333,32.948333,16.875,0.103782,-117.526666,32.848333,16.1479166666667,"y",18.7586574074074,0.351912478605906,0.118998201788943,36,"2019-04-01T00:00:00Z","01T00:00:00Z",-117.626666,-117.426666,32.748333,32.948333,0.337561190128326,0.138929306289554,-117.526666,32.848333,0.299539532719387,"y",0.299184101668221
"75","X2019_4_93.3_60","1904_93.3_60","2019-07-01",17,125,"low_orange","Miu_1_b_48",35120,"2019-04-02-C-33RL",201904,2.01904e+13,9330600,"20-1904RL-MX-094-0418-09330600","093.3 060.0",2,"ST",-134.943,"4/4/19",37350,94,"12/30/1899 04:18:11",31.84682,31,50.809,"N",-119.57432,-119,34.459,"W",93.3,93.3,60,60,1874,NA,NA,"RV REUBEN LASKER","33RL","MX",10,99,1,"93.3 60.0",3101,1904,40.8,NA,"","","","",NA,NA,NA,NA,34,6,1018.3,16,14.8,NA,NA,NA,NA,13.8587777777778,33.6443333333333,5.20255555555556,89.0488888888889,5.10666666666667,0.558888888888889,4.70888888888889,0.0447777777777778,0.121111111111111,0.437222222222222,0.257777777777778,NA,NA,NA,NA,4,31.8,-119.6,2019,15.7347222222222,0.515627141650194,36,"2019-04-16T00:00:00Z","16T00:00:00Z",-119.671666,-119.471666,31.748333,31.948333,15.83,0.59304,-119.571666,31.848333,15.72625,"y",17.1733386243386,0.177738524559471,0.0158949028847091,36,"2019-04-01T00:00:00Z","01T00:00:00Z",-119.671666,-119.471666,31.748333,31.948333,0.175654485821724,0.0143432987138629,-119.571666,31.848333,0.222215518769291,"y",0.265884241951561
"76","X1996_4_80_60","9604_80_60","2019-06-25",2,125,"normal","Miu_1_a_01",28226,"1996-04-15-C-31JD",199604,1.99604e+13,8000600,"19-9604JD-MX-119-1040-08000600","080.0 060.0",2,"ST",-38.29,"4/28/96",35183,119,"12/30/1899 10:40:00",34.151666,34,9.1,"N",-121.148333,-121,8.9,"W",80,80,60,60,4181,NA,NA,"RV DAVID STARR JORDAN","31JD","MX",53,522,NA,"80   60",3101,9604,44.1,NA,"","","","",NA,NA,NA,NA,34,25,1012.2,13.9,12.8,NA,NA,NA,NA,11.7475,33.3479166666667,5.12363636363636,83.8272727272727,9.83636363636364,0.957272727272727,9.3,0.161818181818182,NA,0.479090909090909,0.283636363636364,NA,NA,NA,NA,4,34.2,-121.1,1996,13.7803333333333,0.395094779840827,30,"1996-04-16T00:00:00Z","16T00:00:00Z",-121.248333,-121.048333,34.051666,34.251666,13.685,0.177912,-121.148333,34.151666,14.1761666666667,"y",14.5766203703704,NA,NA,NA,NA,NA,NA,NA,NA,NA,NA,NA,NA,NA,NA,NA,NA
"77","X1996_4_86.7_50","9604_86.7_50","2019-06-25",2,125,"normal","Miu_1_a_02",28205,"1996-04-15-C-31JD",199604,1.99604e+13,8670500,"19-9604JD-MX-114-1309-08670500","086.7 050.0",2,"ST",-70.91,"4/23/96",35178,114,"12/30/1899 13:09:00",33.325,33,19.5,"N",-119.661666,-119,39.7,"W",86.7,86.7,50,50,78,NA,NA,"RV DAVID STARR JORDAN","31JD","MX",32,312,NA,"87   50",3101,9604,61.7,NA,"","","","",NA,26,4,6,30,12,1018.3,13.5,12.8,0,NA,0,6,10.5133333333333,33.7664444444444,3.66333333333333,58.4333333333333,22.3222222222222,1.61555555555556,19.1333333333333,0.168888888888889,NA,1.74,0.99,NA,NA,NA,NA,4,33.3,-119.7,1996,14.2016666666667,0.438422590449092,30,"1996-04-16T00:00:00Z","16T00:00:00Z",-119.761666,-119.561666,33.225,33.425,14.25,0.111195,-119.661666,33.325,14.1578333333333,"y",15.1783419611434,NA,NA,NA,NA,NA,NA,NA,NA,NA,NA,NA,NA,NA,NA,NA,NA
"78","X1996_4_93.3_30","9604_93.3_30","2019-06-24",1,125,"normal","Miu_1_a_03",28176,"1996-04-15-C-31JD",199604,1.99604e+13,9330300,"19-9604JD-MX-107-0152-09330300","093.3 030.0",2,"ST",-14.53,"4/16/96",35171,107,"12/30/1899 01:52:00",32.848333,32,50.9,"N",-117.526666,-117,31.6,"W",93.3,93.3,30,29.9,827,NA,NA,"RV DAVID STARR JORDAN","31JD","MX",3,22,NA,"93   30",3101,9604,41.3,NA,"","","","",NA,29,2,3,31,10,1015.9,18.5,15.2,1,0,5,7,13.1733333333333,33.5884444444444,4.59111111111111,77.9111111111111,10.7444444444444,0.882222222222222,9.45555555555556,0.0533333333333333,NA,0.444444444444444,0.273333333333333,NA,NA,NA,NA,4,32.8,-117.5,1996,17.3988888888889,0.128636315196377,36,"1996-04-16T00:00:00Z","16T00:00:00Z",-117.626666,-117.426666,32.748333,32.948333,17.375,0.111194999999999,-117.526666,32.848333,16.6969444444444,"y",18.4503495877325,NA,NA,NA,NA,NA,NA,NA,NA,NA,NA,NA,NA,NA,NA,NA,NA
"79","X1996_4_93.3_60","9604_93.3_60","2019-06-25",2,125,"normal","Miu_1_a_04",28182,"1996-04-15-C-31JD",199604,1.99604e+13,9330600,"19-9604JD-MX-108-0632-09330600","093.3 060.0",2,"ST",-134.28,"4/17/96",35172,108,"12/30/1899 06:32:00",31.848333,31,50.9,"N",-119.571666,-119,34.3,"W",93.3,93.3,60,60,1857,NA,NA,"RV DAVID STARR JORDAN","31JD","MX",9,82,NA,"93   60",3101,9604,34.8,NA,"","","","",NA,NA,NA,NA,21,9,1017.8,17,16.2,NA,NA,NA,NA,13.6236363636364,33.3377272727273,5.64909090909091,95.7454545454545,5.52727272727273,0.487272727272727,2.7,0.04,NA,0.317272727272727,0.241818181818182,NA,NA,NA,NA,4,31.8,-119.6,1996,15.8725,0.201116526279809,36,"1996-04-16T00:00:00Z","16T00:00:00Z",-119.671666,-119.471666,31.748333,31.948333,15.855,0.229803000000002,-119.571666,31.848333,15.6295833333333,"y",16.6108056998557,NA,NA,NA,NA,NA,NA,NA,NA,NA,NA,NA,NA,NA,NA,NA,NA
"80","X1998_4_80_60","9804_80_60","2019-06-25",2,125,"low_normal","Miu_1_a_05",28798,"1998-04-02-C-31JD",199804,1.99804e+13,8000600,"19-9804JD-MX-105-1050-08000600","080.0 060.0",2,"ST",-38.15,"4/15/98",35900,105,"12/30/1899 10:50:00",34.151666,34,9.1,"N",-121.145,-121,8.7,"W",80,80,60,59.9,2154,NA,NA,"RV DAVID STARR JORDAN","31JD","MX",54,532,NA,"80   60",3101,9804,48.8,NA,"","","","",NA,NA,NA,NA,33,17,1017.2,11.5,9.6,NA,NA,NA,NA,13.7891666666667,33.2520833333333,5.495,93.3666666666667,4.325,0.4975,3,0.065,NA,0.465,0.24,NA,NA,NA,NA,4,34.2,-121.1,1998,14.0853333333333,0.157671271590792,30,"1998-04-16T00:00:00Z","16T00:00:00Z",-121.248333,-121.048333,34.051666,34.251666,14.11,0.118607999999999,-121.148333,34.151666,14.3483333333333,"y",16.2073571428571,0.458050464590391,0.186242012073946,30,"1998-04-01T00:00:00Z","01T00:00:00Z",-121.248333,-121.048333,34.051666,34.251666,0.394075021147728,0.190734052017331,-121.148333,34.151666,0.3763996856908,"y",0.327247007812063
"81","X1998_4_86.7_50","9804_86.7_50","2019-06-25",2,125,"crust","Miu_1_a_06",28777,"1998-04-02-C-31JD",199804,1.99804e+13,8670500,"19-9804JD-MX-100-0641-08670500","086.7 050.0",2,"ST",-71.03,"4/10/98",35895,100,"12/30/1899 06:41:00",33.323333,33,19.4,"N",-119.663333,-119,39.8,"W",86.7,86.7,50,50,79,NA,NA,"RV DAVID STARR JORDAN","31JD","MX",33,322,NA,"87   50",3101,9804,45.4,NA,"","","","",NA,NA,NA,NA,30,14,1020,14.9,13.9,NA,NA,NA,NA,13.8314285714286,33.32,5.60714285714286,95.3142857142857,4.41428571428571,0.491428571428571,2.34285714285714,0.0714285714285714,NA,0.652857142857143,0.404285714285714,NA,NA,NA,NA,4,33.3,-119.7,1998,14.8429032258065,0.163670269106052,31,"1998-04-16T00:00:00Z","16T00:00:00Z",-119.761666,-119.561666,33.225,33.425,14.93,0.0889559999999981,-119.661666,33.325,14.7544516129032,"y",16.7424278332348,0.536857404642635,0.0950106599133812,36,"1998-04-01T00:00:00Z","01T00:00:00Z",-119.761666,-119.561666,33.225,33.425,0.530917108058929,0.115163981419802,-119.661666,33.325,0.498029542466005,"y",0.363190561170793
"82","X1998_4_93.3_30","9804_93.3_30","2019-06-26",3,125,"crust","Miu_1_a_07",28747,"1998-04-02-C-31JD",199804,1.99804e+13,9330300,"19-9804JD-MX-093-0537-09330300","093.3 030.0",2,"ST",-14.61,"4/3/98",35888,93,"12/30/1899 05:37:00",32.848333,32,50.9,"N",-117.528333,-117,31.7,"W",93.3,93.3,30,30,836,NA,NA,"RV DAVID STARR JORDAN","31JD","MX",3,22,NA,"93   30",3101,9804,66.4,NA,"","","","",NA,NA,NA,NA,30,6,1022.4,15.2,12.8,NA,NA,NA,NA,13.7781818181818,33.7079090909091,4.36545454545455,74.9727272727273,9.70909090909091,0.946363636363636,9.07272727272727,0.0236363636363636,NA,0.602727272727273,0.295454545454545,NA,NA,NA,NA,4,32.8,-117.5,1998,16.6555555555556,0.0774391722374755,36,"1998-04-16T00:00:00Z","16T00:00:00Z",-117.626666,-117.426666,32.748333,32.948333,16.645,0.0889559999999981,-117.526666,32.848333,16.7940277777778,"y",19.3606163194444,0.372101729942693,0.0455849847704648,36,"1998-04-01T00:00:00Z","01T00:00:00Z",-117.626666,-117.426666,32.748333,32.948333,0.361106261610985,0.0287248394787312,-117.526666,32.848333,0.341767367182506,"y",0.284353290063639
"83","X1998_4_93.3_60","9804_93.3_60","2019-06-25",2,125,"low_normal","Miu_1_a_08",28753,"1998-04-02-C-31JD",199804,1.99804e+13,9330600,"19-9804JD-MX-094-0953-09330600","093.3 060.0",2,"ST",-134.33,"4/4/98",35889,94,"12/30/1899 09:53:00",31.846666,31,50.8,"N",-119.571666,-119,34.3,"W",93.3,93.3,60,60,1818,NA,NA,"RV DAVID STARR JORDAN","31JD","MX",9,82,NA,"93   60",3101,9804,28.5,NA,"","","","",NA,NA,NA,NA,29,5,1017.1,14.8,11.2,NA,NA,NA,NA,15.175,33.3891666666667,5.8075,101.45,2.15,0.29,0.00833333333333333,0.00583333333333333,NA,0.215833333333333,0.0825,NA,NA,NA,NA,4,31.8,-119.6,1998,15.6325,0.0460046581492414,36,"1998-04-16T00:00:00Z","16T00:00:00Z",-119.671666,-119.471666,31.748333,31.948333,15.63,0.0518910000000002,-119.571666,31.848333,15.7520833333333,"y",17.5356346093993,0.12881819717586,0.00894319482169882,36,"1998-04-01T00:00:00Z","01T00:00:00Z",-119.671666,-119.471666,31.748333,31.948333,0.128685966134071,0.00794508986771107,-119.571666,31.848333,0.141291172243655,"y",0.158767246615349
"84","X1999_4_80_60","9904_80_60","2019-06-26",3,125,"low_normal","Miu_1_a_09",29194,"1999-04-01-C-31JD",199904,1.99904e+13,8000600,"19-9904JD-MX-103-0703-08000600","080.0 060.0",2,"ST",-38.17,"4/13/99",36263,103,"12/30/1899 07:03:00",34.153333,34,9.2,"N",-121.146666,-121,8.8,"W",80,80,60,59.9,2159,NA,NA,"RV DAVID STARR JORDAN","31JD","MX",54,532,NA,"80   60",3101,9904,364.1,NA,"","","","",NA,NA,NA,NA,35,21,1023.9,11.5,10,NA,NA,NA,NA,9.97555555555556,33.9118888888889,4.15666666666667,65.6111111111111,25.6888888888889,1.71222222222222,20.7333333333333,0.19,NA,3.36,0.754444444444444,NA,NA,NA,NA,4,34.2,-121.1,1999,11.439,0.286950073754279,30,"1999-04-16T00:00:00Z","16T00:00:00Z",-121.248333,-121.048333,34.051666,34.251666,11.485,0.340998000000002,-121.148333,34.151666,11.8073333333333,"y",14.3186101532567,0.887518737713496,0.177455364523071,30,"1999-04-01T00:00:00Z","01T00:00:00Z",-121.248333,-121.048333,34.051666,34.251666,0.848019331693649,0.217259609037638,-121.148333,34.151666,0.791737535595894,"y",0.598030308302906
"85","X1999_4_86.7_50","9904_86.7_50","2019-06-26",3,125,"low_normal","Miu_1_a_10",29173,"1999-04-01-C-31JD",199904,1.99904e+13,8670500,"19-9904JD-PR-098-1825-08670500","086.7 050.0",2,"ST",-70.98,"4/8/99",36258,98,"12/30/1899 18:25:00",33.325,33,19.5,"N",-119.663333,-119,39.8,"W",86.7,86.7,50,50,75,8,NA,"RV DAVID STARR JORDAN","31JD","PR",33,322,NA,"87   50",3101,9904,175.9,1172.6,"12/30/1899 12:01:00","12/30/1899 18:51:00","12/30/1899 12:01:00","12/30/1899 18:51:00",8,28,1,5,12,2,1026.9,12.1,9.9,5,5,8,5,11.5772727272727,33.7414545454545,5.13909090909091,83.7636363636364,14.5545454545455,1.07363636363636,11.6272727272727,0.141818181818182,NA,2.78727272727273,0.482727272727273,NA,NA,0.0485714285714286,NA,4,33.3,-119.7,1999,12.2055882352941,0.434289326660623,34,"1999-04-16T00:00:00Z","16T00:00:00Z",-119.761666,-119.561666,33.225,33.425,12.11,0.214976999999999,-119.661666,33.325,12.4748529411765,"y",15.2606992284546,0.99302944375409,0.121558850156332,36,"1999-04-01T00:00:00Z","01T00:00:00Z",-119.761666,-119.561666,33.225,33.425,0.988025516271591,0.127884644061327,-119.661666,33.325,0.725476044333643,"y",0.603737219788686
"86","X1999_4_93.3_30","9904_93.3_30","2019-06-26",3,125,"low","Miu_1_a_11",29143,"1999-04-01-C-31JD",199904,1.99904e+13,9330300,"19-9904JD-MX-092-0219-09330300","093.3 030.0",2,"ST",-14.77,"4/2/99",36252,92,"12/30/1899 02:19:00",32.845,32,50.7,"N",-117.53,-117,31.8,"W",93.3,93.3,30,30,849,NA,NA,"RV DAVID STARR JORDAN","31JD","MX",3,22,NA,"93   30",3101,9904,49.4,NA,"","","","",NA,30,3,7,1,2,1008.9,8.4,7,8,8,7,6,12.405,33.61225,5.01909090909091,83.7909090909091,9.99090909090909,0.843636363636364,8.06363636363636,0.0672727272727273,NA,0.59,0.239090909090909,NA,NA,NA,NA,4,32.8,-117.5,1999,13.8666666666667,0.315703296512044,36,"1999-04-16T00:00:00Z","16T00:00:00Z",-117.626666,-117.426666,32.748333,32.948333,13.78,0.170498999999999,-117.526666,32.848333,14.0520833333333,"y",17.5635648148148,0.522456492814753,0.0923953055062497,36,"1999-04-01T00:00:00Z","01T00:00:00Z",-117.626666,-117.426666,32.748333,32.948333,0.521690011024475,0.0854365860342979,-117.526666,32.848333,0.399187297663755,"y",0.303799232433516
"87","X1999_4_93.3_60","9904_93.3_60","2019-06-26",3,125,"low_normal","Miu_1_a_12",29149,"1999-04-01-C-31JD",199904,1.99904e+13,9330600,"19-9904JD-MX-093-0420-09330600","093.3 060.0",2,"ST",-134.08,"4/3/99",36253,93,"12/30/1899 04:20:00",31.85,31,51,"N",-119.568333,-119,34.1,"W",93.3,93.3,60,59.9,1915,NA,NA,"RV DAVID STARR JORDAN","31JD","MX",9,82,NA,"93   60",3101,9904,36.2,NA,"","","","",NA,NA,NA,NA,32,15,1018.5,12.9,10,NA,NA,NA,NA,12.8263636363636,33.3870909090909,5.66,94.3363636363636,6.16363636363636,0.589090909090909,3.95454545454545,0.0572727272727273,NA,0.348181818181818,0.148181818181818,NA,NA,NA,NA,4,31.8,-119.6,1999,13.565,0.197708298835864,36,"1999-04-16T00:00:00Z","16T00:00:00Z",-119.671666,-119.471666,31.748333,31.948333,13.58,0.192738,-119.571666,31.848333,13.5143055555556,"y",16.136832010582,0.411468757523431,0.0388290122220936,36,"1999-04-01T00:00:00Z","01T00:00:00Z",-119.671666,-119.471666,31.748333,31.948333,0.413738116621971,0.0404503250956535,-119.571666,31.848333,0.340239626045028,"y",0.246497276790992
